Dia,Hora,HBV,15 min,01 h,04 h,24 h,96 h

12/05/2010,17:15:00,nan,nan,nan,nan,nan,nan

12/05/2010,17:30:00,nan,0.0,nan,nan,0.0,33.0

12/05/2010,17:45:00,nan,0.0,nan,nan,0.0,33.0

12/05/2010,18:00:00,nan,0.0,nan,nan,0.0,33.0

12/05/2010,18:15:00,nan,0.0,0.0,nan,0.0,33.0

12/05/2010,18:30:00,nan,0.0,0.0,nan,0.0,33.0

12/05/2010,18:45:00,nan,0.0,0.0,nan,0.0,33.0

12/05/2010,19:00:00,nan,0.0,0.0,nan,0.0,33.0

12/05/2010,19:15:00,nan,0.0,0.0,nan,0.0,33.0

12/05/2010,19:30:00,nan,0.0,0.0,nan,0.0,33.0

12/05/2010,19:45:00,nan,0.0,0.0,nan,0.0,33.0

12/05/2010,20:00:00,nan,0.0,0.0,nan,0.0,33.0

12/05/2010,20:15:00,nan,0.0,0.0,nan,0.0,33.0

12/05/2010,20:30:00,nan,0.0,0.0,nan,0.0,33.0

12/05/2010,20:45:00,nan,0.0,0.0,nan,0.0,33.0

12/05/2010,21:00:00,nan,0.0,0.0,nan,0.0,33.0

12/05/2010,21:15:00,nan,0.0,0.0,0.0,0.0,33.0

12/05/2010,21:30:00,nan,0.0,0.0,0.0,0.0,33.0

12/05/2010,21:45:00,nan,0.0,0.0,0.0,0.0,33.0

12/05/2010,22:00:00,nan,0.0,0.0,0.0,0.0,33.0

12/05/2010,22:15:00,nan,0.0,0.0,0.0,0.0,33.0

12/05/2010,22:30:00,nan,0.0,0.0,0.0,0.0,33.0

12/05/2010,22:45:00,nan,0.0,0.0,0.0,0.0,33.0

12/05/2010,23:00:00,nan,0.0,0.0,0.0,0.0,33.0

12/05/2010,23:15:00,nan,0.0,0.0,0.0,0.0,33.0

12/05/2010,23:30:00,nan,0.0,0.0,0.0,0.0,33.0

12/05/2010,23:45:00,nan,0.0,0.0,0.0,0.0,33.0

13/05/2010,00:00:00,nan,0.0,0.0,0.0,0.0,31.4

13/05/2010,00:15:00,nan,0.0,0.0,0.0,0.0,31.4

13/05/2010,00:30:00,nan,0.0,0.0,0.0,0.0,31.4

13/05/2010,00:45:00,nan,0.0,0.0,0.0,0.0,30.4

13/05/2010,01:00:00,nan,0.0,0.0,0.0,0.0,27.8

13/05/2010,01:15:00,nan,0.0,0.0,0.0,0.0,26.4

13/05/2010,01:30:00,nan,0.0,0.0,0.0,0.0,25.2

13/05/2010,01:45:00,nan,0.0,0.0,0.0,0.0,24.8

13/05/2010,02:00:00,nan,0.0,0.0,0.0,0.0,23.4

13/05/2010,02:15:00,nan,0.0,0.0,0.0,0.0,22.4

13/05/2010,02:30:00,nan,0.0,0.0,0.0,0.0,22.4

13/05/2010,02:45:00,nan,0.0,0.0,0.0,0.0,22.4

13/05/2010,03:00:00,nan,0.0,0.0,0.0,0.0,22.2

13/05/2010,03:15:00,nan,0.0,0.0,0.0,0.0,22.0

13/05/2010,03:30:00,nan,0.0,0.0,0.0,0.0,20.8

13/05/2010,03:45:00,nan,0.0,0.0,0.0,0.0,20.4

13/05/2010,04:00:00,nan,0.0,0.0,0.0,0.0,20.4

13/05/2010,04:15:00,nan,0.0,0.0,0.0,0.0,20.2

13/05/2010,04:30:00,nan,0.0,0.0,0.0,0.0,20.2

13/05/2010,04:45:00,nan,0.0,0.0,0.0,0.0,20.0

13/05/2010,05:00:00,nan,0.0,0.0,0.0,0.0,19.6

13/05/2010,05:15:00,nan,0.0,0.0,0.0,0.0,19.2

13/05/2010,05:30:00,nan,0.0,0.0,0.0,0.0,18.4

13/05/2010,05:45:00,nan,0.0,0.0,0.0,0.0,17.8

13/05/2010,06:00:00,nan,0.0,0.0,0.0,0.0,17.4

13/05/2010,06:15:00,nan,0.0,0.0,0.0,0.0,17.0

13/05/2010,06:30:00,nan,0.0,0.0,0.0,0.0,16.2

13/05/2010,06:45:00,nan,0.0,0.0,0.0,0.0,15.4

13/05/2010,07:00:00,nan,0.0,0.0,0.0,0.0,14.6

13/05/2010,07:15:00,nan,0.0,0.0,0.0,0.0,14.2

13/05/2010,07:30:00,nan,0.0,0.0,0.0,0.0,14.0

13/05/2010,07:45:00,nan,0.0,0.0,0.0,0.0,14.0

13/05/2010,08:00:00,nan,0.0,0.0,0.0,0.0,14.0

13/05/2010,08:15:00,nan,0.0,0.0,0.0,0.0,14.0

13/05/2010,08:30:00,nan,0.0,0.0,0.0,0.0,14.0

13/05/2010,08:45:00,nan,0.0,0.0,0.0,0.0,14.0

13/05/2010,09:00:00,nan,0.0,0.0,0.0,0.0,14.0

13/05/2010,09:15:00,nan,0.0,0.0,0.0,0.0,14.0

13/05/2010,09:30:00,nan,0.0,0.0,0.0,0.0,14.0

13/05/2010,09:45:00,nan,0.0,0.0,0.0,0.0,14.0

13/05/2010,10:00:00,nan,0.0,0.0,0.0,0.0,14.0

13/05/2010,10:15:00,nan,0.0,0.0,0.0,0.0,14.0

13/05/2010,10:30:00,nan,0.0,0.0,0.0,0.0,14.0

13/05/2010,10:45:00,nan,0.0,0.0,0.0,nan,14.0

13/05/2010,11:00:00,nan,0.0,0.0,0.0,nan,13.8

13/05/2010,11:15:00,nan,0.0,0.0,0.0,nan,13.8

13/05/2010,11:30:00,nan,0.0,0.0,0.0,nan,13.6

13/05/2010,11:45:00,nan,0.0,0.0,0.0,nan,13.6

13/05/2010,12:00:00,nan,0.0,0.0,0.0,nan,13.4

13/05/2010,12:15:00,nan,0.0,0.0,0.0,nan,11.4

13/05/2010,12:30:00,nan,0.0,0.0,0.0,nan,11.2

13/05/2010,12:45:00,nan,0.0,0.0,0.0,nan,11.0

13/05/2010,13:00:00,nan,0.0,0.0,0.0,nan,11.0

13/05/2010,13:15:00,nan,0.0,0.0,0.0,nan,10.8

13/05/2010,13:30:00,nan,0.0,0.0,0.0,nan,10.8

13/05/2010,13:45:00,nan,0.0,0.0,0.0,nan,10.8

13/05/2010,14:00:00,nan,0.0,0.0,0.0,nan,9.8

13/05/2010,14:15:00,nan,0.0,0.0,0.0,nan,9.4

13/05/2010,14:30:00,nan,0.0,0.0,0.0,nan,9.0

13/05/2010,14:45:00,nan,0.0,0.0,0.0,nan,8.8

13/05/2010,15:00:00,nan,0.0,0.0,0.0,nan,8.8

13/05/2010,15:15:00,nan,0.0,0.0,0.0,nan,8.8

13/05/2010,15:30:00,nan,0.0,0.0,0.0,nan,8.8

13/05/2010,15:45:00,nan,0.0,0.0,0.0,nan,8.8

13/05/2010,16:00:00,nan,0.0,0.0,0.0,nan,8.8

13/05/2010,16:15:00,nan,0.0,0.0,0.0,nan,8.6

13/05/2010,16:30:00,nan,0.0,0.0,0.0,nan,8.6

13/05/2010,16:45:00,nan,0.0,0.0,0.0,nan,8.6

13/05/2010,17:00:00,nan,0.0,0.0,0.0,nan,8.6

13/05/2010,17:15:00,nan,0.0,0.0,0.0,0.0,8.4

13/05/2010,17:30:00,nan,0.0,0.0,0.0,0.0,8.4

13/05/2010,17:45:00,nan,0.0,0.0,0.0,0.0,8.4

13/05/2010,18:00:00,nan,0.0,0.0,0.0,0.0,8.4

13/05/2010,18:15:00,nan,0.0,0.0,0.0,0.0,8.2

13/05/2010,18:30:00,nan,0.0,0.0,0.0,0.0,8.0

13/05/2010,18:45:00,nan,0.0,0.0,0.0,0.0,6.6

13/05/2010,19:00:00,nan,0.0,0.0,0.0,0.0,6.2

13/05/2010,19:15:00,nan,0.0,0.0,0.0,0.0,6.0

13/05/2010,19:30:00,nan,0.0,0.0,0.0,0.0,6.0

13/05/2010,19:45:00,nan,0.0,0.0,0.0,0.0,6.0

13/05/2010,20:00:00,nan,0.0,0.0,0.0,0.0,5.4

13/05/2010,20:15:00,nan,0.0,0.0,0.0,0.0,5.4

13/05/2010,20:30:00,nan,0.0,0.0,0.0,0.0,5.2

13/05/2010,20:45:00,nan,0.0,0.0,0.0,0.0,4.6

13/05/2010,21:00:00,nan,0.0,0.0,0.0,0.0,4.2

13/05/2010,21:15:00,nan,0.0,0.0,0.0,0.0,4.0

13/05/2010,21:30:00,nan,0.0,0.0,0.0,0.0,4.0

13/05/2010,21:45:00,nan,0.0,0.0,0.0,0.0,4.0

13/05/2010,22:00:00,nan,0.0,0.0,0.0,0.0,4.0

13/05/2010,22:15:00,nan,0.0,0.0,0.0,0.0,4.0

13/05/2010,22:30:00,nan,0.0,0.0,0.0,0.0,4.0

13/05/2010,22:45:00,nan,0.0,0.0,0.0,0.0,4.0

13/05/2010,23:00:00,nan,0.0,0.0,0.0,0.0,4.0

13/05/2010,23:15:00,nan,0.0,0.0,0.0,0.0,4.0

13/05/2010,23:30:00,nan,0.0,0.0,0.0,0.0,4.0

13/05/2010,23:45:00,nan,0.0,0.0,0.0,0.0,4.0

14/05/2010,00:00:00,nan,0.0,0.0,0.0,0.0,3.8

14/05/2010,00:15:00,nan,0.0,0.0,0.0,0.0,3.8

14/05/2010,00:30:00,nan,0.0,0.0,0.0,0.0,3.8

14/05/2010,00:45:00,nan,0.0,0.0,0.0,0.0,3.8

14/05/2010,01:00:00,nan,0.0,0.0,0.0,0.0,3.6

14/05/2010,01:15:00,nan,0.0,0.0,0.0,0.0,3.4

14/05/2010,01:30:00,nan,0.0,0.0,0.0,0.0,3.4

14/05/2010,01:45:00,nan,0.0,0.0,0.0,0.0,3.4

14/05/2010,02:00:00,nan,0.0,0.0,0.0,0.0,3.2

14/05/2010,02:15:00,nan,0.0,0.0,0.0,0.0,3.2

14/05/2010,02:30:00,nan,0.0,0.0,0.0,0.0,3.2

14/05/2010,02:45:00,nan,0.0,0.0,0.0,0.0,3.2

14/05/2010,03:00:00,nan,0.0,0.0,0.0,0.0,3.2

14/05/2010,03:15:00,nan,0.0,0.0,0.0,0.0,3.2

14/05/2010,03:30:00,nan,0.0,0.0,0.0,0.0,3.2

14/05/2010,03:45:00,nan,0.0,0.0,0.0,0.0,3.2

14/05/2010,04:00:00,nan,0.0,0.0,0.0,0.0,3.0

14/05/2010,04:15:00,nan,0.0,0.0,0.0,0.0,2.4

14/05/2010,04:30:00,nan,0.0,0.0,0.0,0.0,2.0

14/05/2010,04:45:00,nan,0.0,0.0,0.0,0.0,1.8

14/05/2010,05:00:00,nan,0.0,0.0,0.0,0.0,1.8

14/05/2010,05:15:00,nan,0.0,0.0,0.0,0.0,1.8

14/05/2010,05:30:00,nan,0.0,0.0,0.0,0.0,1.8

14/05/2010,05:45:00,nan,0.0,0.0,0.0,0.0,1.8

14/05/2010,06:00:00,nan,0.0,0.0,0.0,0.0,1.8

14/05/2010,06:15:00,nan,0.0,0.0,0.0,0.0,1.8

14/05/2010,06:30:00,nan,0.0,0.0,0.0,0.0,1.8

14/05/2010,06:45:00,nan,0.0,0.0,0.0,0.0,1.8

14/05/2010,07:00:00,nan,0.0,0.0,0.0,0.0,1.8

14/05/2010,07:15:00,nan,0.0,0.0,0.0,0.0,1.8

14/05/2010,07:30:00,nan,0.0,0.0,0.0,0.0,1.8

14/05/2010,07:45:00,nan,0.0,0.0,0.0,0.0,1.8

14/05/2010,08:00:00,nan,0.0,0.0,0.0,0.0,1.8

14/05/2010,08:15:00,nan,0.0,0.0,0.0,0.0,1.4

14/05/2010,08:30:00,nan,0.0,0.0,0.0,0.0,1.2

14/05/2010,08:45:00,nan,0.0,0.0,0.0,0.0,1.0

14/05/2010,09:00:00,nan,0.0,0.0,0.0,0.0,1.0

14/05/2010,09:15:00,nan,0.0,0.0,0.0,0.0,0.4

14/05/2010,09:30:00,nan,0.0,0.0,0.0,0.0,0.0

14/05/2010,09:45:00,nan,0.0,0.0,0.0,0.0,0.0

14/05/2010,10:00:00,nan,0.0,0.0,0.0,0.0,0.0

14/05/2010,10:15:00,nan,0.0,0.0,0.0,0.0,0.0

14/05/2010,10:30:00,nan,0.0,0.0,0.0,0.0,0.0

14/05/2010,10:45:00,nan,0.0,0.0,0.0,0.0,0.0

14/05/2010,11:00:00,nan,0.0,0.0,0.0,0.0,0.0

14/05/2010,11:15:00,nan,0.0,0.0,0.0,0.0,0.0

14/05/2010,11:30:00,nan,0.0,0.0,0.0,0.0,0.0

14/05/2010,11:45:00,nan,0.0,0.0,0.0,0.0,0.0

14/05/2010,12:00:00,nan,0.0,0.0,0.0,0.0,0.0

14/05/2010,12:15:00,nan,0.0,0.0,0.0,0.0,0.0

14/05/2010,12:30:00,nan,0.0,0.0,0.0,0.0,0.0

14/05/2010,12:45:00,nan,0.0,0.0,0.0,0.0,0.0

14/05/2010,13:00:00,nan,0.0,0.0,0.0,0.0,0.0

14/05/2010,13:15:00,nan,0.0,0.0,0.0,0.0,0.0

14/05/2010,13:30:00,nan,0.0,0.0,0.0,0.0,0.0

14/05/2010,13:45:00,nan,0.0,0.0,0.0,0.0,0.0

14/05/2010,14:00:00,nan,0.0,0.0,0.0,0.0,0.0

14/05/2010,14:15:00,nan,0.0,0.0,0.0,0.0,0.0

14/05/2010,14:30:00,nan,0.0,0.0,0.0,0.0,0.0

14/05/2010,14:45:00,nan,0.0,0.0,0.0,0.0,0.0

14/05/2010,15:00:00,nan,0.0,0.0,0.0,0.0,0.0

14/05/2010,15:15:00,nan,0.0,0.0,0.0,0.0,0.0

14/05/2010,15:30:00,nan,0.0,0.0,0.0,0.0,0.0

14/05/2010,15:45:00,nan,0.0,0.0,0.0,0.0,0.0

14/05/2010,16:00:00,nan,0.0,0.0,0.0,0.0,0.0

14/05/2010,16:15:00,nan,0.0,0.0,0.0,0.0,0.0

14/05/2010,16:30:00,nan,0.0,0.0,0.0,0.0,0.0

14/05/2010,16:45:00,nan,0.0,0.0,0.0,0.0,0.0

14/05/2010,17:00:00,nan,0.0,0.0,0.0,0.0,0.0

14/05/2010,17:15:00,nan,0.0,0.0,0.0,0.0,0.0

14/05/2010,17:30:00,nan,0.0,0.0,0.0,0.0,0.0

14/05/2010,17:45:00,nan,0.0,0.0,0.0,0.0,0.0

14/05/2010,18:00:00,nan,0.0,0.0,0.0,0.0,0.0

14/05/2010,18:15:00,nan,0.0,0.0,0.0,0.0,0.0

14/05/2010,18:30:00,nan,0.0,0.0,0.0,0.0,0.0

14/05/2010,18:45:00,nan,0.0,0.0,0.0,0.0,0.0

14/05/2010,19:00:00,nan,0.0,0.0,0.0,0.0,0.0

14/05/2010,19:15:00,nan,0.0,0.0,0.0,0.0,0.0

14/05/2010,19:30:00,nan,0.0,0.0,0.0,0.0,0.0

14/05/2010,19:45:00,nan,0.0,0.0,0.0,0.0,0.0

14/05/2010,20:00:00,nan,0.0,0.0,0.0,0.0,0.0

14/05/2010,20:15:00,nan,0.0,0.0,0.0,0.0,0.0

14/05/2010,20:30:00,nan,0.0,0.0,0.0,0.0,0.0

14/05/2010,20:45:00,nan,0.0,0.0,0.0,0.0,0.0

14/05/2010,21:00:00,nan,0.0,0.0,0.0,0.0,0.0

14/05/2010,21:15:00,nan,0.0,0.0,0.0,0.0,0.0

14/05/2010,21:30:00,nan,0.0,0.0,0.0,0.0,0.0

14/05/2010,21:45:00,nan,0.0,0.0,0.0,0.0,0.0

14/05/2010,22:00:00,nan,0.0,0.0,0.0,0.0,0.0

14/05/2010,22:15:00,nan,0.0,0.0,0.0,0.0,0.0

14/05/2010,22:30:00,nan,0.0,0.0,0.0,0.0,0.0

14/05/2010,22:45:00,nan,0.0,0.0,0.0,0.0,0.0

14/05/2010,23:00:00,nan,0.0,0.0,0.0,0.0,0.0

14/05/2010,23:15:00,nan,0.0,0.0,0.0,0.0,0.0

14/05/2010,23:30:00,nan,0.0,0.0,0.0,0.0,0.0

14/05/2010,23:45:00,nan,0.0,0.0,0.0,0.0,0.0

15/05/2010,00:00:00,nan,0.0,0.0,0.0,0.0,0.0

15/05/2010,00:15:00,nan,0.0,0.0,0.0,0.0,0.0

15/05/2010,00:30:00,nan,0.0,0.0,0.0,0.0,0.0

15/05/2010,00:45:00,nan,0.0,0.0,0.0,0.0,0.0

15/05/2010,01:00:00,nan,0.0,0.0,0.0,0.0,0.0

15/05/2010,01:15:00,nan,0.0,0.0,0.0,0.0,0.0

15/05/2010,01:30:00,nan,0.0,0.0,0.0,0.0,0.0

15/05/2010,01:45:00,nan,0.0,0.0,0.0,0.0,0.0

15/05/2010,02:00:00,nan,0.0,0.0,0.0,0.0,0.0

15/05/2010,02:15:00,nan,0.0,0.0,0.0,0.0,0.0

15/05/2010,02:30:00,nan,0.0,0.0,0.0,0.0,0.0

15/05/2010,02:45:00,nan,0.0,0.0,0.0,0.0,0.0

15/05/2010,03:00:00,nan,0.0,0.0,0.0,0.0,0.0

15/05/2010,03:15:00,nan,0.0,0.0,0.0,0.0,0.0

15/05/2010,03:30:00,nan,0.0,0.0,0.0,0.0,0.0

15/05/2010,03:45:00,nan,0.0,0.0,0.0,0.0,0.0

15/05/2010,04:00:00,nan,0.0,0.0,0.0,0.0,0.0

15/05/2010,04:15:00,nan,0.0,0.0,0.0,0.0,0.0

15/05/2010,04:30:00,nan,0.0,0.0,0.0,0.0,0.0

15/05/2010,04:45:00,nan,0.0,0.0,0.0,0.0,0.0

15/05/2010,05:00:00,nan,0.0,0.0,0.0,0.0,0.0

15/05/2010,05:15:00,nan,0.0,0.0,0.0,0.0,0.0

15/05/2010,05:30:00,nan,0.0,0.0,0.0,0.0,0.0

15/05/2010,05:45:00,nan,0.0,0.0,0.0,0.0,0.0

15/05/2010,06:00:00,nan,0.0,0.0,0.0,0.0,0.0

15/05/2010,06:15:00,nan,0.0,0.0,0.0,0.0,0.0

15/05/2010,06:30:00,nan,0.0,0.0,0.0,0.0,0.0

15/05/2010,06:45:00,nan,0.0,0.0,0.0,0.0,0.0

15/05/2010,07:00:00,nan,0.0,0.0,0.0,0.0,0.0

15/05/2010,07:15:00,nan,0.0,0.0,0.0,0.0,0.0

15/05/2010,07:30:00,nan,0.0,0.0,0.0,0.0,0.0

15/05/2010,07:45:00,nan,0.0,0.0,0.0,0.0,0.0

15/05/2010,08:00:00,nan,0.0,0.0,0.0,0.0,0.0

15/05/2010,08:15:00,nan,0.0,0.0,0.0,0.0,0.0

15/05/2010,08:30:00,nan,0.0,0.0,0.0,0.0,0.0

15/05/2010,08:45:00,nan,0.0,0.0,0.0,0.0,0.0

15/05/2010,09:00:00,nan,0.0,0.0,0.0,0.0,0.0

15/05/2010,09:15:00,nan,0.0,0.0,0.0,0.0,0.0

15/05/2010,09:30:00,nan,0.0,0.0,0.0,0.0,0.0

15/05/2010,09:45:00,nan,0.0,0.0,0.0,0.0,0.0

15/05/2010,10:00:00,nan,0.0,0.0,0.0,0.0,0.0

15/05/2010,10:15:00,nan,0.0,0.0,0.0,0.0,0.0

15/05/2010,10:30:00,nan,0.0,0.0,0.0,0.0,0.0

15/05/2010,10:45:00,nan,0.0,0.0,0.0,0.0,0.0

15/05/2010,11:00:00,nan,0.0,0.0,0.0,0.0,0.0

15/05/2010,11:15:00,nan,0.0,0.0,0.0,0.0,0.0

15/05/2010,11:30:00,nan,0.0,0.0,0.0,0.0,0.0

15/05/2010,11:45:00,nan,0.0,0.0,0.0,0.0,0.0

15/05/2010,12:00:00,nan,0.0,0.0,0.0,0.0,0.0

15/05/2010,12:15:00,nan,0.0,0.0,0.0,0.0,0.0

15/05/2010,12:30:00,nan,0.0,0.0,0.0,0.0,0.0

15/05/2010,12:45:00,nan,0.0,0.0,0.0,0.0,0.0

15/05/2010,13:00:00,nan,0.0,0.0,0.0,0.0,0.0

15/05/2010,13:15:00,nan,0.0,0.0,0.0,0.0,0.0

15/05/2010,13:30:00,nan,0.0,0.0,0.0,0.0,0.0

15/05/2010,13:45:00,nan,0.0,0.0,0.0,0.0,0.0

15/05/2010,14:00:00,nan,0.0,0.0,0.0,0.0,0.0

15/05/2010,14:15:00,nan,0.0,0.0,0.0,0.0,0.0

15/05/2010,14:30:00,nan,0.0,0.0,0.0,0.0,0.0

15/05/2010,14:45:00,nan,0.0,0.0,0.0,0.0,0.0

15/05/2010,15:00:00,nan,0.0,0.0,0.0,0.0,0.0

15/05/2010,15:15:00,nan,0.0,0.0,0.0,0.0,0.0

15/05/2010,15:30:00,nan,0.0,0.0,0.0,0.0,0.0

15/05/2010,15:45:00,nan,0.0,0.0,0.0,0.0,0.0

15/05/2010,16:00:00,nan,0.0,0.0,0.0,0.0,0.0

15/05/2010,16:15:00,nan,0.0,0.0,0.0,0.0,0.0

15/05/2010,16:30:00,nan,0.0,0.0,0.0,0.0,0.0

15/05/2010,16:45:00,nan,0.0,0.0,0.0,0.0,0.0

15/05/2010,17:00:00,nan,0.0,0.0,0.0,0.0,0.0

15/05/2010,17:15:00,nan,0.0,0.0,0.0,0.0,0.0

15/05/2010,17:30:00,nan,0.0,0.0,0.0,0.0,0.0

15/05/2010,17:45:00,nan,0.0,0.0,0.0,0.0,0.0

15/05/2010,18:00:00,nan,0.0,0.0,0.0,0.0,0.0

15/05/2010,18:15:00,nan,0.0,0.0,0.0,0.0,0.0

15/05/2010,18:30:00,nan,0.0,0.0,0.0,0.0,0.0

15/05/2010,18:45:00,nan,0.0,0.0,0.0,0.0,0.0

15/05/2010,19:00:00,nan,0.0,0.0,0.0,0.0,0.0

15/05/2010,19:15:00,nan,0.0,0.0,0.0,0.0,0.0

15/05/2010,19:30:00,nan,0.0,0.0,0.0,0.0,0.0

15/05/2010,19:45:00,nan,0.0,0.0,0.0,0.0,0.0

15/05/2010,20:00:00,nan,0.0,0.0,0.0,0.0,0.0

15/05/2010,20:15:00,nan,0.0,0.0,0.0,0.0,0.0

15/05/2010,20:30:00,nan,0.0,0.0,0.0,0.0,0.0

15/05/2010,20:45:00,nan,0.0,0.0,0.0,0.0,0.0

15/05/2010,21:00:00,nan,0.0,0.0,0.0,0.0,0.0

15/05/2010,21:15:00,nan,0.0,0.0,0.0,0.0,0.0

15/05/2010,21:30:00,nan,0.0,0.0,0.0,0.0,0.0

15/05/2010,21:45:00,nan,0.0,0.0,0.0,0.0,0.0

15/05/2010,22:00:00,nan,0.0,0.0,0.0,0.0,0.0

15/05/2010,22:15:00,nan,0.0,0.0,0.0,0.0,0.0

15/05/2010,22:30:00,nan,0.0,0.0,0.0,0.0,0.0

15/05/2010,22:45:00,nan,0.0,0.0,0.0,0.0,0.0

15/05/2010,23:00:00,nan,0.0,0.0,0.0,0.0,0.0

15/05/2010,23:15:00,nan,0.0,0.0,0.0,0.0,0.0

15/05/2010,23:30:00,nan,0.0,0.0,0.0,0.0,0.0

15/05/2010,23:45:00,nan,0.0,0.0,0.0,0.0,0.0

16/05/2010,00:00:00,nan,0.0,0.0,0.0,0.0,0.0

16/05/2010,00:15:00,nan,0.0,0.0,0.0,0.0,0.0

16/05/2010,00:30:00,nan,0.0,0.0,0.0,0.0,0.0

16/05/2010,00:45:00,nan,0.0,0.0,0.0,0.0,0.0

16/05/2010,01:00:00,nan,0.0,0.0,0.0,0.0,0.0

16/05/2010,01:15:00,nan,0.0,0.0,0.0,0.0,0.0

16/05/2010,01:30:00,nan,0.0,0.0,0.0,0.0,0.0

16/05/2010,01:45:00,nan,0.0,0.0,0.0,0.0,0.0

16/05/2010,02:00:00,nan,0.0,0.0,0.0,0.0,0.0

16/05/2010,02:15:00,nan,0.0,0.0,0.0,0.0,0.0

16/05/2010,02:30:00,nan,0.0,0.0,0.0,0.0,0.0

16/05/2010,02:45:00,nan,0.0,0.0,0.0,0.0,0.0

16/05/2010,03:00:00,nan,0.0,0.0,0.0,0.0,0.0

16/05/2010,03:15:00,nan,0.0,0.0,0.0,0.0,0.0

16/05/2010,03:30:00,nan,0.0,0.0,0.0,0.0,0.0

16/05/2010,03:45:00,nan,0.0,0.0,0.0,0.0,0.0

16/05/2010,04:00:00,nan,0.0,0.0,0.0,0.0,0.0

16/05/2010,04:15:00,nan,0.0,0.0,0.0,0.0,0.0

16/05/2010,04:30:00,nan,0.0,0.0,0.0,0.0,0.0

16/05/2010,04:45:00,nan,0.0,0.0,0.0,0.0,0.0

16/05/2010,05:00:00,nan,0.0,0.0,0.0,0.0,0.0

16/05/2010,05:15:00,nan,0.0,0.0,0.0,0.0,0.0

16/05/2010,05:30:00,nan,0.0,0.0,0.0,0.0,0.0

16/05/2010,05:45:00,nan,0.0,0.0,0.0,0.0,0.0

16/05/2010,06:00:00,nan,0.0,0.0,0.0,0.0,0.0

16/05/2010,06:15:00,nan,0.0,0.0,0.0,0.0,0.0

16/05/2010,06:30:00,nan,0.0,0.0,0.0,0.0,0.0

16/05/2010,06:45:00,nan,0.0,0.0,0.0,0.0,0.0

16/05/2010,07:00:00,nan,0.0,0.0,0.0,0.0,0.0

16/05/2010,07:15:00,nan,0.0,0.0,0.0,0.0,0.0

16/05/2010,07:30:00,nan,0.0,0.0,0.0,0.0,0.0

16/05/2010,07:45:00,nan,0.0,0.0,0.0,0.0,0.0

16/05/2010,08:00:00,nan,0.0,0.0,0.0,0.0,0.0

16/05/2010,08:15:00,nan,0.0,0.0,0.0,0.0,0.0

16/05/2010,08:30:00,nan,0.0,0.0,0.0,0.0,0.0

16/05/2010,08:45:00,nan,0.0,0.0,0.0,0.0,0.0

16/05/2010,09:00:00,nan,0.0,0.0,0.0,0.0,0.0

16/05/2010,09:15:00,nan,0.0,0.0,0.0,0.0,0.0

16/05/2010,09:30:00,nan,0.0,0.0,0.0,0.0,0.0

16/05/2010,09:45:00,nan,0.0,0.0,0.0,0.0,0.0

16/05/2010,10:00:00,nan,0.0,0.0,0.0,0.0,0.0

16/05/2010,10:15:00,nan,0.0,0.0,0.0,0.0,0.0

16/05/2010,10:30:00,nan,0.0,0.0,0.0,0.0,0.0

16/05/2010,10:45:00,nan,0.0,0.0,0.0,0.0,nan

16/05/2010,11:00:00,nan,0.0,0.0,0.0,0.0,nan

16/05/2010,11:15:00,nan,0.0,0.0,0.0,0.0,nan

16/05/2010,11:30:00,nan,0.0,0.0,0.0,0.0,nan

16/05/2010,11:45:00,nan,0.0,0.0,0.0,0.0,nan

16/05/2010,12:00:00,nan,0.0,0.0,0.0,0.0,nan

16/05/2010,12:15:00,nan,0.0,0.0,0.0,0.0,nan

16/05/2010,12:30:00,nan,0.0,0.0,0.0,0.0,nan

16/05/2010,12:45:00,nan,0.0,0.0,0.0,0.0,nan

16/05/2010,13:00:00,nan,0.0,0.0,0.0,0.0,nan

16/05/2010,13:15:00,nan,0.0,0.0,0.0,0.0,nan

16/05/2010,13:30:00,nan,0.0,0.0,0.0,0.0,nan

16/05/2010,13:45:00,nan,0.0,0.0,0.0,0.0,nan

16/05/2010,14:00:00,nan,0.0,0.0,0.0,0.0,nan

16/05/2010,14:15:00,nan,0.0,0.0,0.0,0.0,nan

16/05/2010,14:30:00,nan,0.0,0.0,0.0,0.0,nan

16/05/2010,14:45:00,nan,0.0,0.0,0.0,0.0,nan

16/05/2010,15:00:00,nan,0.0,0.0,0.0,0.0,nan

16/05/2010,15:15:00,nan,0.0,0.0,0.0,0.0,nan

16/05/2010,15:30:00,nan,0.0,0.0,0.0,0.0,nan

16/05/2010,15:45:00,nan,0.0,0.0,0.0,0.0,nan

16/05/2010,16:00:00,nan,0.0,0.0,0.0,0.0,nan

16/05/2010,16:15:00,nan,0.0,0.0,0.0,0.0,nan

16/05/2010,16:30:00,nan,0.0,0.0,0.0,0.0,nan

16/05/2010,16:45:00,nan,0.0,0.0,0.0,0.0,nan

16/05/2010,17:00:00,nan,0.0,0.0,0.0,0.0,nan

16/05/2010,17:15:00,nan,0.0,0.0,0.0,0.0,0.0

16/05/2010,17:30:00,nan,0.0,0.0,0.0,0.0,0.0

16/05/2010,17:45:00,nan,0.0,0.0,0.0,0.0,0.0

16/05/2010,18:00:00,nan,0.0,0.0,0.0,0.0,0.0

16/05/2010,18:15:00,nan,0.0,0.0,0.0,0.0,0.0

16/05/2010,18:30:00,nan,0.0,0.0,0.0,0.0,0.0

16/05/2010,18:45:00,nan,0.0,0.0,0.0,0.0,0.0

16/05/2010,19:00:00,nan,0.0,0.0,0.0,0.0,0.0

16/05/2010,19:15:00,nan,0.0,0.0,0.0,0.0,0.0

16/05/2010,19:30:00,nan,0.0,0.0,0.0,0.0,0.0

16/05/2010,19:45:00,nan,0.0,0.0,0.0,0.0,0.0

16/05/2010,20:00:00,nan,0.0,0.0,0.0,0.0,0.0

16/05/2010,20:15:00,nan,0.0,0.0,0.0,0.0,0.0

16/05/2010,20:30:00,nan,0.0,0.0,0.0,0.0,0.0

16/05/2010,20:45:00,nan,0.0,0.0,0.0,0.0,0.0

16/05/2010,21:00:00,nan,0.0,0.0,0.0,0.0,0.0

16/05/2010,21:15:00,nan,0.0,0.0,0.0,0.0,0.0

16/05/2010,21:30:00,nan,0.0,0.0,0.0,0.0,0.0

16/05/2010,21:45:00,nan,0.0,0.0,0.0,0.0,0.0

16/05/2010,22:00:00,nan,0.0,0.0,0.0,0.0,0.0

16/05/2010,22:15:00,nan,0.0,0.0,0.0,0.0,0.0

16/05/2010,22:30:00,nan,0.0,0.0,0.0,0.0,0.0

16/05/2010,22:45:00,nan,0.0,0.0,0.0,0.0,0.0

16/05/2010,23:00:00,nan,0.0,0.0,0.0,0.0,0.0

16/05/2010,23:15:00,nan,0.0,0.0,0.0,0.0,0.0

16/05/2010,23:30:00,nan,0.0,0.0,0.0,0.0,0.0

16/05/2010,23:45:00,nan,0.0,0.0,0.0,0.0,0.0

17/05/2010,00:00:00,nan,0.0,0.0,0.0,0.0,0.0

17/05/2010,00:15:00,nan,0.0,0.0,0.0,0.0,0.0

17/05/2010,00:30:00,nan,0.0,0.0,0.0,0.0,0.0

17/05/2010,00:45:00,nan,0.0,0.0,0.0,0.0,0.0

17/05/2010,01:00:00,nan,0.0,0.0,0.0,0.0,0.0

17/05/2010,01:15:00,nan,0.0,0.0,0.0,0.0,0.0

17/05/2010,01:30:00,nan,0.0,0.0,0.0,0.0,0.0

17/05/2010,01:45:00,nan,0.0,0.0,0.0,0.0,0.0

17/05/2010,02:00:00,nan,0.0,0.0,0.0,0.0,0.0

17/05/2010,02:15:00,nan,0.0,0.0,0.0,0.0,0.0

17/05/2010,02:30:00,nan,0.0,0.0,0.0,0.0,0.0

17/05/2010,02:45:00,nan,0.0,0.0,0.0,0.0,0.0

17/05/2010,03:00:00,nan,0.0,0.0,0.0,0.0,0.0

17/05/2010,03:15:00,nan,0.0,0.0,0.0,0.0,0.0

17/05/2010,03:30:00,nan,0.0,0.0,0.0,0.0,0.0

17/05/2010,03:45:00,nan,0.0,0.0,0.0,0.0,0.0

17/05/2010,04:00:00,nan,0.0,0.0,0.0,0.0,0.0

17/05/2010,04:15:00,nan,0.0,0.0,0.0,0.0,0.0

17/05/2010,04:30:00,nan,0.0,0.0,0.0,0.0,0.0

17/05/2010,04:45:00,nan,0.0,0.0,0.0,0.0,0.0

17/05/2010,05:00:00,nan,0.0,0.0,0.0,0.0,0.0

17/05/2010,05:15:00,nan,0.0,0.0,0.0,0.0,0.0

17/05/2010,05:30:00,nan,0.0,0.0,0.0,0.0,0.0

17/05/2010,05:45:00,nan,0.0,0.0,0.0,0.0,0.0

17/05/2010,06:00:00,nan,0.0,0.0,0.0,0.0,0.0

17/05/2010,06:15:00,nan,0.0,0.0,0.0,0.0,0.0

17/05/2010,06:30:00,nan,0.0,0.0,0.0,0.0,0.0

17/05/2010,06:45:00,nan,0.0,0.0,0.0,0.0,0.0

17/05/2010,07:00:00,nan,0.0,0.0,0.0,0.0,0.0

17/05/2010,07:15:00,nan,0.0,0.0,0.0,0.0,0.0

17/05/2010,07:30:00,nan,0.0,0.0,0.0,0.0,0.0

17/05/2010,07:45:00,nan,0.0,0.0,0.0,0.0,0.0

17/05/2010,08:00:00,nan,0.0,0.0,0.0,0.0,0.0

17/05/2010,08:15:00,nan,0.0,0.0,0.0,0.0,0.0

17/05/2010,08:30:00,nan,0.0,0.0,0.0,0.0,0.0

17/05/2010,08:45:00,nan,0.0,0.0,0.0,0.0,0.0

17/05/2010,09:00:00,nan,0.0,0.0,0.0,0.0,0.0

17/05/2010,09:15:00,nan,0.0,0.0,0.0,0.0,0.0

17/05/2010,09:30:00,nan,0.0,0.0,0.0,0.0,0.0

17/05/2010,09:45:00,nan,0.0,0.0,0.0,0.0,0.0

17/05/2010,10:00:00,nan,0.0,0.0,0.0,0.0,0.0

17/05/2010,10:15:00,nan,0.0,0.0,0.0,0.0,0.0

17/05/2010,10:30:00,nan,0.0,0.0,0.0,0.0,0.0

17/05/2010,10:45:00,nan,0.0,0.0,0.0,0.0,0.0

17/05/2010,11:00:00,nan,0.0,0.0,0.0,0.0,0.0

17/05/2010,11:15:00,nan,0.0,0.0,0.0,0.0,0.0

17/05/2010,11:30:00,nan,0.0,0.0,0.0,0.0,0.0

17/05/2010,11:45:00,nan,0.0,0.0,0.0,0.0,0.0

17/05/2010,12:00:00,nan,0.0,0.0,0.0,0.0,0.0

17/05/2010,12:15:00,nan,0.0,0.0,0.0,0.0,0.0

17/05/2010,12:30:00,nan,0.0,0.0,0.0,0.0,0.0

17/05/2010,12:45:00,nan,0.0,0.0,0.0,0.0,0.0

17/05/2010,13:00:00,nan,0.0,0.0,0.0,0.0,0.0

17/05/2010,13:15:00,nan,0.0,0.0,0.0,0.0,0.0

17/05/2010,13:30:00,nan,0.0,0.0,0.0,0.0,0.0

17/05/2010,13:45:00,nan,0.0,0.0,0.0,0.0,0.0

17/05/2010,14:00:00,nan,0.0,0.0,0.0,0.0,0.0

17/05/2010,14:15:00,nan,0.0,0.0,0.0,0.0,0.0

17/05/2010,14:30:00,nan,0.0,0.0,0.0,0.0,0.0

17/05/2010,14:45:00,nan,0.0,0.0,0.0,0.0,0.0

17/05/2010,15:00:00,nan,0.0,0.0,0.0,0.0,0.0

17/05/2010,15:15:00,nan,0.0,0.0,0.0,0.0,0.0

17/05/2010,15:30:00,nan,0.0,0.0,0.0,0.0,0.0

17/05/2010,15:45:00,nan,0.0,0.0,0.0,0.0,0.0

17/05/2010,16:00:00,nan,0.0,0.0,0.0,0.0,0.0

17/05/2010,16:15:00,nan,0.0,0.0,0.0,0.0,0.0

17/05/2010,16:30:00,nan,0.0,0.0,0.0,0.0,0.0

17/05/2010,16:45:00,nan,0.0,0.0,0.0,0.0,0.0

17/05/2010,17:00:00,nan,0.0,0.0,0.0,0.0,0.0

17/05/2010,17:15:00,nan,0.0,0.0,0.0,0.0,0.0

17/05/2010,17:30:00,nan,0.0,0.0,0.0,0.0,0.0

17/05/2010,17:45:00,nan,0.0,0.0,0.0,0.0,0.0

17/05/2010,18:00:00,nan,0.0,0.0,0.0,0.0,0.0

17/05/2010,18:15:00,nan,0.0,0.0,0.0,0.0,0.0

17/05/2010,18:30:00,nan,0.0,0.0,0.0,0.0,0.0

17/05/2010,18:45:00,nan,0.0,0.0,0.0,0.0,0.0

17/05/2010,19:00:00,nan,0.0,0.0,0.0,0.0,0.0

17/05/2010,19:15:00,nan,0.0,0.0,0.0,0.0,0.0

17/05/2010,19:30:00,nan,0.0,0.0,0.0,0.0,0.0

17/05/2010,19:45:00,nan,0.0,0.0,0.0,0.0,0.0

17/05/2010,20:00:00,nan,0.0,0.0,0.0,0.0,0.0

17/05/2010,20:15:00,nan,0.0,0.0,0.0,0.0,0.0

17/05/2010,20:30:00,nan,0.0,0.0,0.0,0.0,0.0

17/05/2010,20:45:00,nan,0.0,0.0,0.0,0.0,0.0

17/05/2010,21:00:00,nan,0.0,0.0,0.0,0.0,0.0

17/05/2010,21:15:00,nan,0.0,0.0,0.0,0.0,0.0

17/05/2010,21:30:00,nan,0.0,0.0,0.0,0.0,0.0

17/05/2010,21:45:00,nan,0.0,0.0,0.0,0.0,0.0

17/05/2010,22:00:00,nan,0.0,0.0,0.0,0.0,0.0

17/05/2010,22:15:00,nan,0.0,0.0,0.0,0.0,0.0

17/05/2010,22:30:00,nan,0.0,0.0,0.0,0.0,0.0

17/05/2010,22:45:00,nan,0.0,0.0,0.0,0.0,0.0

17/05/2010,23:00:00,nan,0.0,0.0,0.0,0.0,0.0

17/05/2010,23:15:00,nan,0.0,0.0,0.0,0.0,0.0

17/05/2010,23:30:00,nan,0.0,0.0,0.0,0.0,0.0

17/05/2010,23:45:00,nan,0.0,0.0,0.0,0.0,0.0

18/05/2010,00:00:00,nan,0.0,0.0,0.0,0.0,0.0

18/05/2010,00:15:00,nan,0.0,0.0,0.0,0.0,0.0

18/05/2010,00:30:00,nan,0.0,0.0,0.0,0.0,0.0

18/05/2010,00:45:00,nan,0.0,0.0,0.0,0.0,0.0

18/05/2010,01:00:00,nan,0.0,0.0,0.0,0.0,0.0

18/05/2010,01:15:00,nan,0.0,0.0,0.0,0.0,0.0

18/05/2010,01:30:00,nan,0.0,0.0,0.0,0.0,0.0

18/05/2010,01:45:00,nan,0.0,0.0,0.0,0.0,0.0

18/05/2010,02:00:00,nan,0.0,0.0,0.0,0.0,0.0

18/05/2010,02:15:00,nan,0.0,0.0,0.0,0.0,0.0

18/05/2010,02:30:00,nan,0.0,0.0,0.0,0.0,0.0

18/05/2010,02:45:00,nan,0.0,0.0,0.0,0.0,0.0

18/05/2010,03:00:00,nan,0.0,0.0,0.0,0.0,0.0

18/05/2010,03:15:00,nan,0.0,0.0,0.0,0.0,0.0

18/05/2010,03:30:00,nan,0.0,0.0,0.0,0.0,0.0

18/05/2010,03:45:00,nan,0.0,0.0,0.0,0.0,0.0

18/05/2010,04:00:00,nan,0.0,0.0,0.0,0.0,0.0

18/05/2010,04:15:00,nan,0.0,0.0,0.0,0.0,0.0

18/05/2010,04:30:00,nan,0.0,0.0,0.0,0.0,0.0

18/05/2010,04:45:00,nan,0.0,0.0,0.0,0.0,0.0

18/05/2010,05:00:00,nan,0.0,0.0,0.0,0.0,0.0

18/05/2010,05:15:00,nan,0.0,0.0,0.0,0.0,0.0

18/05/2010,05:30:00,nan,0.0,0.0,0.0,0.0,0.0

18/05/2010,05:45:00,nan,0.0,0.0,0.0,0.0,0.0

18/05/2010,06:00:00,nan,0.0,0.0,0.0,0.0,0.0

18/05/2010,06:15:00,nan,0.0,0.0,0.0,0.0,0.0

18/05/2010,06:30:00,nan,0.0,0.0,0.0,0.0,0.0

18/05/2010,06:45:00,nan,0.0,0.0,0.0,0.0,0.0

18/05/2010,07:00:00,nan,0.0,0.0,0.0,0.0,0.0

18/05/2010,07:15:00,nan,0.0,0.0,0.0,0.0,0.0

18/05/2010,07:30:00,nan,0.0,0.0,0.0,0.0,0.0

18/05/2010,07:45:00,nan,0.0,0.0,0.0,0.0,0.0

18/05/2010,08:00:00,nan,0.0,0.0,0.0,0.0,0.0

18/05/2010,08:15:00,nan,0.0,0.0,0.0,0.0,0.0

18/05/2010,08:30:00,nan,0.0,0.0,0.0,0.0,0.0

18/05/2010,08:45:00,nan,0.0,0.0,0.0,0.0,0.0

18/05/2010,09:00:00,nan,0.0,0.0,0.0,0.0,0.0

18/05/2010,09:15:00,nan,0.0,0.0,0.0,0.0,0.0

18/05/2010,09:30:00,nan,0.0,0.0,0.0,0.0,0.0

18/05/2010,09:45:00,nan,0.0,0.0,0.0,0.0,0.0

18/05/2010,10:00:00,nan,0.0,0.0,0.0,0.0,0.0

18/05/2010,10:15:00,nan,0.0,0.0,0.0,0.0,0.0

18/05/2010,10:30:00,nan,0.0,0.0,0.0,0.0,0.0

18/05/2010,10:45:00,nan,0.0,0.0,0.0,0.0,0.0

18/05/2010,11:00:00,nan,0.0,0.0,0.0,0.0,0.0

18/05/2010,11:15:00,nan,0.0,0.0,0.0,0.0,0.0

18/05/2010,11:30:00,nan,0.0,0.0,0.0,0.0,0.0

18/05/2010,11:45:00,nan,0.0,0.0,0.0,0.0,0.0

18/05/2010,12:00:00,nan,0.0,0.0,0.0,0.0,0.0

18/05/2010,12:15:00,nan,0.0,0.0,0.0,0.0,0.0

18/05/2010,12:30:00,nan,0.0,0.0,0.0,0.0,0.0

18/05/2010,12:45:00,nan,0.0,0.0,0.0,0.0,0.0

18/05/2010,13:00:00,nan,0.0,0.0,0.0,0.0,0.0

18/05/2010,13:15:00,nan,0.0,0.0,0.0,0.0,0.0

18/05/2010,13:30:00,nan,0.0,0.0,0.0,0.0,0.0

18/05/2010,13:45:00,nan,0.0,0.0,0.0,0.0,0.0

18/05/2010,14:00:00,nan,0.0,0.0,0.0,0.0,0.0

18/05/2010,14:15:00,nan,0.0,0.0,0.0,0.0,0.0

18/05/2010,14:30:00,nan,0.0,0.0,0.0,0.0,0.0

18/05/2010,14:45:00,nan,0.0,0.0,0.0,0.0,0.0

18/05/2010,15:00:00,nan,0.0,0.0,0.0,0.0,0.0

18/05/2010,15:15:00,nan,0.0,0.0,0.0,0.0,0.0

18/05/2010,15:30:00,nan,0.0,0.0,0.0,0.0,0.0

18/05/2010,15:45:00,nan,0.0,0.0,0.0,0.0,0.0

18/05/2010,16:00:00,nan,0.0,0.0,0.0,0.0,0.0

18/05/2010,16:15:00,nan,0.0,0.0,0.0,0.0,0.0

18/05/2010,16:30:00,nan,0.0,0.0,0.0,0.0,0.0

18/05/2010,16:45:00,nan,0.0,0.0,0.0,0.0,0.0

18/05/2010,17:00:00,nan,0.0,0.0,0.0,0.0,0.0

18/05/2010,17:15:00,nan,0.0,0.0,0.0,0.0,0.0

18/05/2010,17:30:00,nan,0.0,0.0,0.0,0.0,0.0

18/05/2010,17:45:00,nan,0.0,0.0,0.0,0.0,0.0

18/05/2010,18:00:00,nan,0.0,0.0,0.0,0.0,0.0

18/05/2010,18:15:00,nan,0.0,0.0,0.0,0.0,0.0

18/05/2010,18:30:00,nan,0.0,0.0,0.0,0.0,0.0

18/05/2010,18:45:00,nan,0.0,0.0,0.0,0.0,0.0

18/05/2010,19:00:00,nan,0.0,0.0,0.0,0.0,0.0

18/05/2010,19:15:00,nan,0.0,0.0,0.0,0.0,0.0

18/05/2010,19:30:00,nan,0.0,0.0,0.0,0.0,0.0

18/05/2010,19:45:00,nan,0.0,0.0,0.0,0.0,0.0

18/05/2010,20:00:00,nan,0.0,0.0,0.0,0.0,0.0

18/05/2010,20:15:00,nan,0.0,0.0,0.0,0.0,0.0

18/05/2010,20:30:00,nan,0.0,0.0,0.0,0.0,0.0

18/05/2010,20:45:00,nan,0.0,0.0,0.0,0.0,0.0

18/05/2010,21:00:00,nan,0.0,0.0,0.0,0.0,0.0

18/05/2010,21:15:00,nan,0.0,0.0,0.0,0.0,0.0

18/05/2010,21:30:00,nan,0.0,0.0,0.0,0.0,0.0

18/05/2010,21:45:00,nan,0.0,0.0,0.0,0.0,0.0

18/05/2010,22:00:00,nan,0.0,0.0,0.0,0.0,0.0

18/05/2010,22:15:00,nan,0.0,0.0,0.0,0.0,0.0

18/05/2010,22:30:00,nan,0.0,0.0,0.0,0.0,0.0

18/05/2010,22:45:00,nan,0.0,0.0,0.0,0.0,0.0

18/05/2010,23:00:00,nan,0.0,0.0,0.0,0.0,0.0

18/05/2010,23:15:00,nan,0.0,0.0,0.0,0.0,0.0

18/05/2010,23:30:00,nan,0.0,0.0,0.0,0.0,0.0

18/05/2010,23:45:00,nan,0.0,0.0,0.0,0.0,0.0

19/05/2010,00:00:00,nan,0.0,0.0,0.0,0.0,0.0

19/05/2010,00:15:00,nan,0.0,0.0,0.0,0.0,0.0

19/05/2010,00:30:00,nan,0.0,0.0,0.0,0.0,0.0

19/05/2010,00:45:00,nan,0.0,0.0,0.0,0.0,0.0

19/05/2010,01:00:00,nan,0.0,0.0,0.0,0.0,0.0

19/05/2010,01:15:00,nan,0.0,0.0,0.0,0.0,0.0

19/05/2010,01:30:00,nan,0.0,0.0,0.0,0.0,0.0

19/05/2010,01:45:00,nan,0.0,0.0,0.0,0.0,0.0

19/05/2010,02:00:00,nan,0.0,0.0,0.0,0.0,0.0

19/05/2010,02:15:00,nan,0.0,0.0,0.0,0.0,0.0

19/05/2010,02:30:00,nan,0.0,0.0,0.0,0.0,0.0

19/05/2010,02:45:00,nan,0.0,0.0,0.0,0.0,0.0

19/05/2010,03:00:00,nan,0.0,0.0,0.0,0.0,0.0

19/05/2010,03:15:00,nan,0.0,0.0,0.0,0.0,0.0

19/05/2010,03:30:00,nan,0.0,0.0,0.0,0.0,0.0

19/05/2010,03:45:00,nan,0.0,0.0,0.0,0.0,0.0

19/05/2010,04:00:00,nan,0.0,0.0,0.0,0.0,0.0

19/05/2010,04:15:00,nan,0.0,0.0,0.0,0.0,0.0

19/05/2010,04:30:00,nan,0.0,0.0,0.0,0.0,0.0

19/05/2010,04:45:00,nan,0.0,0.0,0.0,0.0,0.0

19/05/2010,05:00:00,nan,0.0,0.0,0.0,0.0,0.0

19/05/2010,05:15:00,nan,0.0,0.0,0.0,0.0,0.0

19/05/2010,05:30:00,nan,0.0,0.0,0.0,0.0,0.0

19/05/2010,05:45:00,nan,0.0,0.0,0.0,0.0,0.0

19/05/2010,06:00:00,nan,0.0,0.0,0.0,0.0,0.0

19/05/2010,06:15:00,nan,0.0,0.0,0.0,0.0,0.0

19/05/2010,06:30:00,nan,0.0,0.0,0.0,0.0,0.0

19/05/2010,06:45:00,nan,0.0,0.0,0.0,0.0,0.0

19/05/2010,07:00:00,nan,0.0,0.0,0.0,0.0,0.0

19/05/2010,07:15:00,nan,0.0,0.0,0.0,0.0,0.0

19/05/2010,07:30:00,nan,0.0,0.0,0.0,0.0,0.0

19/05/2010,07:45:00,nan,0.0,0.0,0.0,0.0,0.0

19/05/2010,08:00:00,nan,0.0,0.0,0.0,0.0,0.0

19/05/2010,08:15:00,nan,0.0,0.0,0.0,0.0,0.0

19/05/2010,08:30:00,nan,0.0,0.0,0.0,0.0,0.0

19/05/2010,08:45:00,nan,0.0,0.0,0.0,0.0,0.0

19/05/2010,09:00:00,nan,0.0,0.0,0.0,0.0,0.0

19/05/2010,09:15:00,nan,0.0,0.0,0.0,0.0,0.0

19/05/2010,09:30:00,nan,0.0,0.0,0.0,0.0,0.0

19/05/2010,09:45:00,nan,0.0,0.0,0.0,0.0,0.0

19/05/2010,10:00:00,nan,0.0,0.0,0.0,0.0,0.0

19/05/2010,10:15:00,nan,0.0,0.0,0.0,0.0,0.0

19/05/2010,10:30:00,nan,0.0,0.0,0.0,0.0,0.0

19/05/2010,10:45:00,nan,0.0,0.0,0.0,0.0,0.0

19/05/2010,11:00:00,nan,0.0,0.0,0.0,0.0,0.0

19/05/2010,11:15:00,nan,0.0,0.0,0.0,0.0,0.0

19/05/2010,11:30:00,nan,0.0,0.0,0.0,0.0,0.0

19/05/2010,11:45:00,nan,0.0,0.0,0.0,0.0,0.0

19/05/2010,12:00:00,nan,0.0,0.0,0.0,0.0,0.0

19/05/2010,12:15:00,nan,0.0,0.0,0.0,0.0,0.0

19/05/2010,12:30:00,nan,0.0,0.0,0.0,0.0,0.0

19/05/2010,12:45:00,nan,0.0,0.0,0.0,0.0,0.0

19/05/2010,13:00:00,nan,0.0,0.0,0.0,0.0,0.0

19/05/2010,13:15:00,nan,0.0,0.0,0.0,0.0,0.0

19/05/2010,13:30:00,nan,0.0,0.0,0.0,0.0,0.0

19/05/2010,13:45:00,nan,0.0,0.0,0.0,0.0,0.0

19/05/2010,14:00:00,nan,0.0,0.0,0.0,0.0,0.0

19/05/2010,14:15:00,nan,0.0,0.0,0.0,0.0,0.0

19/05/2010,14:30:00,nan,0.0,0.0,0.0,0.0,0.0

19/05/2010,14:45:00,nan,0.0,0.0,0.0,0.0,0.0

19/05/2010,15:00:00,nan,0.0,0.0,0.0,0.0,0.0

19/05/2010,15:15:00,nan,0.0,0.0,0.0,0.0,0.0

19/05/2010,15:30:00,nan,0.0,0.0,0.0,0.0,0.0

19/05/2010,15:45:00,nan,0.0,0.0,0.0,0.0,0.0

19/05/2010,16:00:00,nan,0.0,0.0,0.0,0.0,0.0

19/05/2010,16:15:00,nan,0.0,0.0,0.0,0.0,0.0

19/05/2010,16:30:00,nan,0.0,0.0,0.0,0.0,0.0

19/05/2010,16:45:00,nan,0.0,0.0,0.0,0.0,0.0

19/05/2010,17:00:00,nan,0.0,0.0,0.0,0.0,0.0

19/05/2010,17:15:00,nan,0.0,0.0,0.0,0.0,0.0

19/05/2010,17:30:00,nan,0.0,0.0,0.0,0.0,0.0

19/05/2010,17:45:00,nan,0.0,0.0,0.0,0.0,0.0

19/05/2010,18:00:00,nan,0.0,0.0,0.0,0.0,0.0

19/05/2010,18:15:00,nan,0.0,0.0,0.0,0.0,0.0

19/05/2010,18:30:00,nan,0.0,0.0,0.0,0.0,0.0

19/05/2010,18:45:00,nan,0.0,0.0,0.0,0.0,0.0

19/05/2010,19:00:00,nan,0.2,0.2,0.2,0.2,0.2

19/05/2010,19:15:00,nan,0.4,0.6,0.6,0.6,0.6

19/05/2010,19:30:00,nan,0.2,0.8,0.8,0.8,0.8

19/05/2010,19:45:00,nan,0.0,0.8,0.8,0.8,0.8

19/05/2010,20:00:00,nan,0.0,0.6,0.8,0.8,0.8

19/05/2010,20:15:00,nan,0.0,0.2,0.8,0.8,0.8

19/05/2010,20:30:00,nan,0.0,0.0,0.8,0.8,0.8

19/05/2010,20:45:00,nan,0.0,0.0,0.8,0.8,0.8

19/05/2010,21:00:00,nan,0.0,0.0,0.8,0.8,0.8

19/05/2010,21:15:00,nan,0.0,0.0,0.8,0.8,0.8

19/05/2010,21:30:00,nan,0.0,0.0,0.8,0.8,0.8

19/05/2010,21:45:00,nan,0.0,0.0,0.8,0.8,0.8

19/05/2010,22:00:00,nan,0.0,0.0,0.8,0.8,0.8

19/05/2010,22:15:00,nan,0.0,0.0,0.8,0.8,0.8

19/05/2010,22:30:00,nan,0.0,0.0,0.8,0.8,0.8

19/05/2010,22:45:00,nan,0.0,0.0,0.8,0.8,0.8

19/05/2010,23:00:00,nan,0.0,0.0,0.6,0.8,0.8

19/05/2010,23:15:00,nan,0.0,0.0,0.2,0.8,0.8

19/05/2010,23:30:00,nan,0.0,0.0,0.0,0.8,0.8

19/05/2010,23:45:00,nan,0.0,0.0,0.0,0.8,0.8

20/05/2010,00:00:00,nan,0.0,0.0,0.0,0.8,0.8

20/05/2010,00:15:00,nan,0.0,0.0,0.0,0.8,0.8

20/05/2010,00:30:00,nan,0.0,0.0,0.0,0.8,0.8

20/05/2010,00:45:00,nan,0.0,0.0,0.0,0.8,0.8

20/05/2010,01:00:00,nan,0.0,0.0,0.0,0.8,0.8

20/05/2010,01:15:00,nan,0.0,0.0,0.0,0.8,0.8

20/05/2010,01:30:00,nan,0.0,0.0,0.0,0.8,0.8

20/05/2010,01:45:00,nan,0.0,0.0,0.0,0.8,0.8

20/05/2010,02:00:00,nan,0.0,0.0,0.0,0.8,0.8

20/05/2010,02:15:00,nan,0.0,0.0,0.0,0.8,0.8

20/05/2010,02:30:00,nan,0.0,0.0,0.0,0.8,0.8

20/05/2010,02:45:00,nan,0.0,0.0,0.0,0.8,0.8

20/05/2010,03:00:00,nan,0.0,0.0,0.0,0.8,0.8

20/05/2010,03:15:00,nan,0.0,0.0,0.0,0.8,0.8

20/05/2010,03:30:00,nan,0.0,0.0,0.0,0.8,0.8

20/05/2010,03:45:00,nan,0.0,0.0,0.0,0.8,0.8

20/05/2010,04:00:00,nan,0.0,0.0,0.0,0.8,0.8

20/05/2010,04:15:00,nan,0.0,0.0,0.0,0.8,0.8

20/05/2010,04:30:00,nan,0.0,0.0,0.0,0.8,0.8

20/05/2010,04:45:00,nan,0.0,0.0,0.0,0.8,0.8

20/05/2010,05:00:00,nan,0.0,0.0,0.0,0.8,0.8

20/05/2010,05:15:00,nan,0.0,0.0,0.0,0.8,0.8

20/05/2010,05:30:00,nan,0.0,0.0,0.0,0.8,0.8

20/05/2010,05:45:00,nan,0.0,0.0,0.0,0.8,0.8

20/05/2010,06:00:00,nan,0.0,0.0,0.0,0.8,0.8

20/05/2010,06:15:00,nan,0.0,0.0,0.0,0.8,0.8

20/05/2010,06:30:00,nan,0.0,0.0,0.0,0.8,0.8

20/05/2010,06:45:00,nan,0.0,0.0,0.0,0.8,0.8

20/05/2010,07:00:00,nan,0.0,0.0,0.0,0.8,0.8

20/05/2010,07:15:00,nan,0.0,0.0,0.0,0.8,0.8

20/05/2010,07:30:00,nan,0.0,0.0,0.0,0.8,0.8

20/05/2010,07:45:00,nan,0.0,0.0,0.0,0.8,0.8

20/05/2010,08:00:00,nan,0.0,0.0,0.0,0.8,0.8

20/05/2010,08:15:00,nan,0.0,0.0,0.0,0.8,0.8

20/05/2010,08:30:00,nan,0.0,0.0,0.0,0.8,0.8

20/05/2010,08:45:00,nan,0.0,0.0,0.0,0.8,0.8

20/05/2010,09:00:00,nan,0.0,0.0,0.0,0.8,0.8

20/05/2010,09:15:00,nan,0.0,0.0,0.0,0.8,0.8

20/05/2010,09:30:00,nan,0.0,0.0,0.0,0.8,0.8

20/05/2010,09:45:00,nan,0.0,0.0,0.0,0.8,0.8

20/05/2010,10:00:00,nan,0.0,0.0,0.0,0.8,0.8

20/05/2010,10:15:00,nan,0.0,0.0,0.0,0.8,0.8

20/05/2010,10:30:00,nan,0.0,0.0,0.0,0.8,0.8

20/05/2010,10:45:00,nan,0.0,0.0,0.0,0.8,0.8

20/05/2010,11:00:00,nan,0.0,0.0,0.0,0.8,0.8

20/05/2010,11:15:00,nan,0.0,0.0,0.0,0.8,0.8

20/05/2010,11:30:00,nan,0.0,0.0,0.0,0.8,0.8

20/05/2010,11:45:00,nan,0.0,0.0,0.0,0.8,0.8

20/05/2010,12:00:00,nan,0.0,0.0,0.0,0.8,0.8

20/05/2010,12:15:00,nan,0.0,0.0,0.0,0.8,0.8

20/05/2010,12:30:00,nan,0.0,0.0,0.0,0.8,0.8

20/05/2010,12:45:00,nan,0.0,0.0,0.0,0.8,0.8

20/05/2010,13:00:00,nan,0.0,0.0,0.0,0.8,0.8

20/05/2010,13:15:00,nan,0.0,0.0,0.0,0.8,0.8

20/05/2010,13:30:00,nan,0.0,0.0,0.0,0.8,0.8

20/05/2010,13:45:00,nan,0.0,0.0,0.0,0.8,0.8

20/05/2010,14:00:00,nan,0.0,0.0,0.0,0.8,0.8

20/05/2010,14:15:00,nan,0.0,0.0,0.0,0.8,0.8

20/05/2010,14:30:00,nan,0.0,0.0,0.0,0.8,0.8

20/05/2010,14:45:00,nan,0.0,0.0,0.0,0.8,0.8

20/05/2010,15:00:00,nan,0.0,0.0,0.0,0.8,0.8

20/05/2010,15:15:00,nan,0.0,0.0,0.0,0.8,0.8

20/05/2010,15:30:00,nan,0.0,0.0,0.0,0.8,0.8

20/05/2010,15:45:00,nan,0.0,0.0,0.0,0.8,0.8

20/05/2010,16:00:00,nan,0.0,0.0,0.0,0.8,0.8

20/05/2010,16:15:00,nan,0.0,0.0,0.0,0.8,0.8

20/05/2010,16:30:00,nan,0.0,0.0,0.0,0.8,0.8

20/05/2010,16:45:00,nan,0.0,0.0,0.0,0.8,0.8

20/05/2010,17:00:00,nan,0.0,0.0,0.0,0.8,0.8

20/05/2010,17:15:00,nan,0.0,0.0,0.0,0.8,0.8

20/05/2010,17:30:00,nan,0.0,0.0,0.0,0.8,0.8

20/05/2010,17:45:00,nan,0.0,0.0,0.0,0.8,0.8

20/05/2010,18:00:00,nan,0.0,0.0,0.0,0.8,0.8

20/05/2010,18:15:00,nan,0.0,0.0,0.0,0.8,0.8

20/05/2010,18:30:00,nan,0.0,0.0,0.0,0.8,0.8

20/05/2010,18:45:00,nan,0.0,0.0,0.0,0.8,0.8

20/05/2010,19:00:00,nan,0.0,0.0,0.0,0.6,0.8

20/05/2010,19:15:00,nan,0.0,0.0,0.0,0.2,0.8

20/05/2010,19:30:00,nan,0.0,0.0,0.0,0.0,0.8

20/05/2010,19:45:00,nan,0.0,0.0,0.0,0.0,0.8

20/05/2010,20:00:00,nan,0.0,0.0,0.0,0.0,0.8

20/05/2010,20:15:00,nan,0.0,0.0,0.0,0.0,0.8

20/05/2010,20:30:00,nan,0.0,0.0,0.0,0.0,0.8

20/05/2010,20:45:00,nan,0.0,0.0,0.0,0.0,0.8

20/05/2010,21:00:00,nan,0.0,0.0,0.0,0.0,0.8

20/05/2010,21:15:00,nan,0.0,0.0,0.0,0.0,0.8

20/05/2010,21:30:00,nan,0.0,0.0,0.0,0.0,0.8

20/05/2010,21:45:00,nan,0.0,0.0,0.0,0.0,0.8

20/05/2010,22:00:00,nan,0.0,0.0,0.0,0.0,0.8

20/05/2010,22:15:00,nan,0.0,0.0,0.0,0.0,0.8

20/05/2010,22:30:00,nan,0.0,0.0,0.0,0.0,0.8

20/05/2010,22:45:00,nan,0.0,0.0,0.0,0.0,0.8

20/05/2010,23:00:00,nan,0.0,0.0,0.0,0.0,0.8

20/05/2010,23:15:00,nan,0.0,0.0,0.0,0.0,0.8

20/05/2010,23:30:00,nan,0.0,0.0,0.0,0.0,0.8

20/05/2010,23:45:00,nan,0.0,0.0,0.0,0.0,0.8

21/05/2010,00:00:00,nan,0.0,0.0,0.0,0.0,0.8

21/05/2010,00:15:00,nan,0.0,0.0,0.0,0.0,0.8

21/05/2010,00:30:00,nan,0.0,0.0,0.0,0.0,0.8

21/05/2010,00:45:00,nan,0.0,0.0,0.0,0.0,0.8

21/05/2010,01:00:00,nan,0.0,0.0,0.0,0.0,0.8

21/05/2010,01:15:00,nan,0.0,0.0,0.0,0.0,0.8

21/05/2010,01:30:00,nan,0.0,0.0,0.0,0.0,0.8

21/05/2010,01:45:00,nan,0.0,0.0,0.0,0.0,0.8

21/05/2010,02:00:00,nan,0.0,0.0,0.0,0.0,0.8

21/05/2010,02:15:00,nan,0.0,0.0,0.0,0.0,0.8

21/05/2010,02:30:00,nan,0.0,0.0,0.0,0.0,0.8

21/05/2010,02:45:00,nan,0.0,0.0,0.0,0.0,0.8

21/05/2010,03:00:00,nan,0.0,0.0,0.0,0.0,0.8

21/05/2010,03:15:00,nan,0.0,0.0,0.0,0.0,0.8

21/05/2010,03:30:00,nan,0.0,0.0,0.0,0.0,0.8

21/05/2010,03:45:00,nan,0.0,0.0,0.0,0.0,0.8

21/05/2010,04:00:00,nan,0.0,0.0,0.0,0.0,0.8

21/05/2010,04:15:00,nan,0.0,0.0,0.0,0.0,0.8

21/05/2010,04:30:00,nan,0.0,0.0,0.0,0.0,0.8

21/05/2010,04:45:00,nan,0.0,0.0,0.0,0.0,0.8

21/05/2010,05:00:00,nan,0.0,0.0,0.0,0.0,0.8

21/05/2010,05:15:00,nan,0.0,0.0,0.0,0.0,0.8

21/05/2010,05:30:00,nan,0.0,0.0,0.0,0.0,0.8

21/05/2010,05:45:00,nan,0.0,0.0,0.0,0.0,0.8

21/05/2010,06:00:00,nan,0.0,0.0,0.0,0.0,0.8

21/05/2010,06:15:00,nan,0.0,0.0,0.0,0.0,0.8

21/05/2010,06:30:00,nan,0.0,0.0,0.0,0.0,0.8

21/05/2010,06:45:00,nan,0.0,0.0,0.0,0.0,0.8

21/05/2010,07:00:00,nan,0.0,0.0,0.0,0.0,0.8

21/05/2010,07:15:00,nan,0.0,0.0,0.0,0.0,0.8

21/05/2010,07:30:00,nan,0.0,0.0,0.0,0.0,0.8

21/05/2010,07:45:00,nan,0.0,0.0,0.0,0.0,0.8

21/05/2010,08:00:00,nan,0.0,0.0,0.0,0.0,0.8

21/05/2010,08:15:00,nan,0.0,0.0,0.0,0.0,0.8

21/05/2010,08:30:00,nan,0.0,0.0,0.0,0.0,0.8

21/05/2010,08:45:00,nan,0.0,0.0,0.0,0.0,0.8

21/05/2010,09:00:00,nan,0.0,0.0,0.0,0.0,0.8

21/05/2010,09:15:00,nan,0.0,0.0,0.0,0.0,0.8

21/05/2010,09:30:00,nan,0.0,0.0,0.0,0.0,0.8

21/05/2010,09:45:00,nan,0.0,0.0,0.0,0.0,0.8

21/05/2010,10:00:00,nan,0.0,0.0,0.0,0.0,0.8

21/05/2010,10:15:00,nan,0.0,0.0,0.0,0.0,0.8

21/05/2010,10:30:00,nan,0.0,0.0,0.0,0.0,0.8

21/05/2010,10:45:00,nan,0.0,0.0,0.0,0.0,0.8

21/05/2010,11:00:00,nan,0.0,0.0,0.0,0.0,0.8

21/05/2010,11:15:00,nan,0.0,0.0,0.0,0.0,0.8

21/05/2010,11:30:00,nan,0.0,0.0,0.0,0.0,0.8

21/05/2010,11:45:00,nan,0.0,0.0,0.0,0.0,0.8

21/05/2010,12:00:00,nan,0.0,0.0,0.0,0.0,0.8

21/05/2010,12:15:00,nan,0.0,0.0,0.0,0.0,0.8

21/05/2010,12:30:00,nan,0.0,0.0,0.0,0.0,0.8

21/05/2010,12:45:00,nan,0.0,0.0,0.0,0.0,0.8

21/05/2010,13:00:00,nan,0.0,0.0,0.0,0.0,0.8

21/05/2010,13:15:00,nan,0.0,0.0,0.0,0.0,0.8

21/05/2010,13:30:00,nan,0.0,0.0,0.0,0.0,0.8

21/05/2010,13:45:00,nan,0.0,0.0,0.0,0.0,0.8

21/05/2010,14:00:00,nan,0.0,0.0,0.0,0.0,0.8

21/05/2010,14:15:00,nan,0.0,0.0,0.0,0.0,0.8

21/05/2010,14:30:00,nan,0.0,0.0,0.0,0.0,0.8

21/05/2010,14:45:00,nan,0.0,0.0,0.0,0.0,0.8

21/05/2010,15:00:00,nan,0.0,0.0,0.0,0.0,0.8

21/05/2010,15:15:00,nan,0.0,0.0,0.0,0.0,0.8

21/05/2010,15:30:00,nan,0.0,0.0,0.0,0.0,0.8

21/05/2010,15:45:00,nan,0.0,0.0,0.0,0.0,0.8

21/05/2010,16:00:00,nan,0.0,0.0,0.0,0.0,0.8

21/05/2010,16:15:00,nan,0.0,0.0,0.0,0.0,0.8

21/05/2010,16:30:00,nan,0.0,0.0,0.0,0.0,0.8

21/05/2010,16:45:00,nan,0.0,0.0,0.0,0.0,0.8

21/05/2010,17:00:00,nan,0.0,0.0,0.0,0.0,0.8

21/05/2010,17:15:00,nan,0.0,0.0,0.0,0.0,0.8

21/05/2010,17:30:00,nan,0.0,0.0,0.0,0.0,0.8

21/05/2010,17:45:00,nan,0.0,0.0,0.0,0.0,0.8

21/05/2010,18:00:00,nan,0.0,0.0,0.0,0.0,0.8

21/05/2010,18:15:00,nan,0.0,0.0,0.0,0.0,0.8

21/05/2010,18:30:00,nan,0.0,0.0,0.0,0.0,0.8

21/05/2010,18:45:00,nan,0.0,0.0,0.0,0.0,0.8

21/05/2010,19:00:00,nan,0.0,0.0,0.0,0.0,0.8

21/05/2010,19:15:00,nan,0.0,0.0,0.0,0.0,0.8

21/05/2010,19:30:00,nan,0.0,0.0,0.0,0.0,0.8

21/05/2010,19:45:00,nan,0.0,0.0,0.0,0.0,0.8

21/05/2010,20:00:00,nan,0.0,0.0,0.0,0.0,0.8

21/05/2010,20:15:00,nan,0.0,0.0,0.0,0.0,0.8

21/05/2010,20:30:00,nan,0.0,0.0,0.0,0.0,0.8

21/05/2010,20:45:00,nan,0.0,0.0,0.0,0.0,0.8

21/05/2010,21:00:00,nan,0.0,0.0,0.0,0.0,0.8

21/05/2010,21:15:00,nan,0.0,0.0,0.0,0.0,0.8

21/05/2010,21:30:00,nan,0.0,0.0,0.0,0.0,0.8

21/05/2010,21:45:00,nan,0.0,0.0,0.0,0.0,0.8

21/05/2010,22:00:00,nan,0.0,0.0,0.0,0.0,0.8

21/05/2010,22:15:00,nan,0.0,0.0,0.0,0.0,0.8

21/05/2010,22:30:00,nan,0.2,0.2,0.2,0.2,1.0

21/05/2010,22:45:00,nan,0.0,0.2,0.2,0.2,1.0

21/05/2010,23:00:00,nan,0.2,0.4,0.4,0.4,1.2

21/05/2010,23:15:00,nan,0.0,0.4,0.4,0.4,1.2

21/05/2010,23:30:00,nan,0.0,0.2,0.4,0.4,1.2

21/05/2010,23:45:00,nan,1.2,1.4,1.6,1.6,2.4

22/05/2010,00:00:00,nan,0.8,2.0,2.4,2.4,3.2

22/05/2010,00:15:00,nan,0.2,2.2,2.6,2.6,3.4

22/05/2010,00:30:00,nan,0.0,2.2,2.6,2.6,3.4

22/05/2010,00:45:00,nan,0.0,1.0,2.6,2.6,3.4

22/05/2010,01:00:00,nan,0.0,0.2,2.6,2.6,3.4

22/05/2010,01:15:00,nan,0.2,0.2,2.8,2.8,3.6

22/05/2010,01:30:00,nan,0.0,0.2,2.8,2.8,3.6

22/05/2010,01:45:00,nan,0.0,0.2,2.8,2.8,3.6

22/05/2010,02:00:00,nan,0.0,0.2,2.8,2.8,3.6

22/05/2010,02:15:00,nan,0.0,0.0,2.8,2.8,3.6

22/05/2010,02:30:00,nan,0.0,0.0,2.6,2.8,3.6

22/05/2010,02:45:00,nan,0.0,0.0,2.6,2.8,3.6

22/05/2010,03:00:00,nan,0.0,0.0,2.4,2.8,3.6

22/05/2010,03:15:00,nan,0.0,0.0,2.4,2.8,3.6

22/05/2010,03:30:00,nan,0.0,0.0,2.4,2.8,3.6

22/05/2010,03:45:00,nan,0.0,0.0,1.2,2.8,3.6

22/05/2010,04:00:00,nan,0.0,0.0,0.4,2.8,3.6

22/05/2010,04:15:00,nan,0.0,0.0,0.2,2.8,3.6

22/05/2010,04:30:00,nan,0.0,0.0,0.2,2.8,3.6

22/05/2010,04:45:00,nan,0.0,0.0,0.2,2.8,3.6

22/05/2010,05:00:00,nan,0.0,0.0,0.2,2.8,3.6

22/05/2010,05:15:00,nan,0.0,0.0,0.0,2.8,3.6

22/05/2010,05:30:00,nan,0.0,0.0,0.0,2.8,3.6

22/05/2010,05:45:00,nan,0.0,0.0,0.0,2.8,3.6

22/05/2010,06:00:00,nan,0.0,0.0,0.0,2.8,3.6

22/05/2010,06:15:00,nan,0.2,0.2,0.2,3.0,3.8

22/05/2010,06:30:00,nan,0.0,0.2,0.2,3.0,3.8

22/05/2010,06:45:00,nan,0.0,0.2,0.2,3.0,3.8

22/05/2010,07:00:00,nan,0.0,0.2,0.2,3.0,3.8

22/05/2010,07:15:00,nan,0.0,0.0,0.2,3.0,3.8

22/05/2010,07:30:00,nan,0.0,0.0,0.2,3.0,3.8

22/05/2010,07:45:00,nan,0.0,0.0,0.2,3.0,3.8

22/05/2010,08:00:00,nan,0.0,0.0,0.2,3.0,3.8

22/05/2010,08:15:00,nan,0.0,0.0,0.2,3.0,3.8

22/05/2010,08:30:00,nan,0.0,0.0,0.2,3.0,3.8

22/05/2010,08:45:00,nan,0.0,0.0,0.2,3.0,3.8

22/05/2010,09:00:00,nan,0.0,0.0,0.2,3.0,3.8

22/05/2010,09:15:00,nan,0.0,0.0,0.2,3.0,3.8

22/05/2010,09:30:00,nan,0.0,0.0,0.2,3.0,3.8

22/05/2010,09:45:00,nan,0.0,0.0,0.2,3.0,3.8

22/05/2010,10:00:00,nan,0.0,0.0,0.2,3.0,3.8

22/05/2010,10:15:00,nan,0.0,0.0,0.0,3.0,3.8

22/05/2010,10:30:00,nan,0.0,0.0,0.0,3.0,3.8

22/05/2010,10:45:00,nan,0.0,0.0,0.0,3.0,3.8

22/05/2010,11:00:00,nan,0.0,0.0,0.0,3.0,3.8

22/05/2010,11:15:00,nan,0.0,0.0,0.0,3.0,3.8

22/05/2010,11:30:00,nan,0.0,0.0,0.0,3.0,3.8

22/05/2010,11:45:00,nan,0.0,0.0,0.0,3.0,3.8

22/05/2010,12:00:00,nan,0.0,0.0,0.0,3.0,3.8

22/05/2010,12:15:00,nan,0.0,0.0,0.0,3.0,3.8

22/05/2010,12:30:00,nan,0.0,0.0,0.0,3.0,3.8

22/05/2010,12:45:00,nan,0.0,0.0,0.0,3.0,3.8

22/05/2010,13:00:00,nan,0.0,0.0,0.0,3.0,3.8

22/05/2010,13:15:00,nan,0.0,0.0,0.0,3.0,3.8

22/05/2010,13:30:00,nan,0.0,0.0,0.0,3.0,3.8

22/05/2010,13:45:00,nan,0.0,0.0,0.0,3.0,3.8

22/05/2010,14:00:00,nan,0.0,0.0,0.0,3.0,3.8

22/05/2010,14:15:00,nan,0.0,0.0,0.0,3.0,3.8

22/05/2010,14:30:00,nan,0.0,0.0,0.0,3.0,3.8

22/05/2010,14:45:00,nan,0.0,0.0,0.0,3.0,3.8

22/05/2010,15:00:00,nan,0.0,0.0,0.0,3.0,3.8

22/05/2010,15:15:00,nan,0.0,0.0,0.0,3.0,3.8

22/05/2010,15:30:00,nan,0.0,0.0,0.0,3.0,3.8

22/05/2010,15:45:00,nan,0.0,0.0,0.0,3.0,3.8

22/05/2010,16:00:00,nan,0.0,0.0,0.0,3.0,3.8

22/05/2010,16:15:00,nan,0.0,0.0,0.0,3.0,3.8

22/05/2010,16:30:00,nan,0.0,0.0,0.0,3.0,3.8

22/05/2010,16:45:00,nan,0.0,0.0,0.0,3.0,3.8

22/05/2010,17:00:00,nan,0.0,0.0,0.0,3.0,3.8

22/05/2010,17:15:00,nan,0.0,0.0,0.0,3.0,3.8

22/05/2010,17:30:00,nan,0.0,0.0,0.0,3.0,3.8

22/05/2010,17:45:00,nan,0.0,0.0,0.0,3.0,3.8

22/05/2010,18:00:00,nan,0.0,0.0,0.0,3.0,3.8

22/05/2010,18:15:00,nan,0.0,0.0,0.0,3.0,3.8

22/05/2010,18:30:00,nan,0.0,0.0,0.0,3.0,3.8

22/05/2010,18:45:00,nan,0.0,0.0,0.0,3.0,3.8

22/05/2010,19:00:00,nan,0.0,0.0,0.0,3.0,3.8

22/05/2010,19:15:00,nan,0.0,0.0,0.0,3.0,3.8

22/05/2010,19:30:00,nan,0.0,0.0,0.0,3.0,3.8

22/05/2010,19:45:00,nan,0.0,0.0,0.0,3.0,3.8

22/05/2010,20:00:00,nan,0.0,0.0,0.0,3.0,3.8

22/05/2010,20:15:00,nan,0.0,0.0,0.0,3.0,3.8

22/05/2010,20:30:00,nan,0.0,0.0,0.0,3.0,3.8

22/05/2010,20:45:00,nan,0.0,0.0,0.0,3.0,3.8

22/05/2010,21:00:00,nan,0.0,0.0,0.0,3.0,3.8

22/05/2010,21:15:00,nan,0.0,0.0,0.0,3.0,3.8

22/05/2010,21:30:00,nan,0.0,0.0,0.0,3.0,3.8

22/05/2010,21:45:00,nan,0.0,0.0,0.0,3.0,3.8

22/05/2010,22:00:00,nan,0.0,0.0,0.0,3.0,3.8

22/05/2010,22:15:00,nan,0.0,0.0,0.0,3.0,3.8

22/05/2010,22:30:00,nan,0.0,0.0,0.0,2.8,3.8

22/05/2010,22:45:00,nan,0.0,0.0,0.0,2.8,3.8

22/05/2010,23:00:00,nan,0.0,0.0,0.0,2.6,3.8

22/05/2010,23:15:00,nan,0.0,0.0,0.0,2.6,3.8

22/05/2010,23:30:00,nan,0.0,0.0,0.0,2.6,3.8

22/05/2010,23:45:00,nan,0.0,0.0,0.0,1.4,3.8

23/05/2010,00:00:00,nan,0.0,0.0,0.0,0.6,3.8

23/05/2010,00:15:00,nan,0.0,0.0,0.0,0.4,3.8

23/05/2010,00:30:00,nan,0.0,0.0,0.0,0.4,3.8

23/05/2010,00:45:00,nan,0.0,0.0,0.0,0.4,3.8

23/05/2010,01:00:00,nan,0.0,0.0,0.0,0.4,3.8

23/05/2010,01:15:00,nan,0.0,0.0,0.0,0.2,3.8

23/05/2010,01:30:00,nan,0.0,0.0,0.0,0.2,3.8

23/05/2010,01:45:00,nan,0.0,0.0,0.0,0.2,3.8

23/05/2010,02:00:00,nan,0.0,0.0,0.0,0.2,3.8

23/05/2010,02:15:00,nan,0.0,0.0,0.0,0.2,3.8

23/05/2010,02:30:00,nan,0.0,0.0,0.0,0.2,3.8

23/05/2010,02:45:00,nan,0.0,0.0,0.0,0.2,3.8

23/05/2010,03:00:00,nan,0.0,0.0,0.0,0.2,3.8

23/05/2010,03:15:00,nan,0.0,0.0,0.0,0.2,3.8

23/05/2010,03:30:00,nan,0.0,0.0,0.0,0.2,3.8

23/05/2010,03:45:00,nan,0.0,0.0,0.0,0.2,3.8

23/05/2010,04:00:00,nan,0.0,0.0,0.0,0.2,3.8

23/05/2010,04:15:00,nan,0.0,0.0,0.0,0.2,3.8

23/05/2010,04:30:00,nan,0.0,0.0,0.0,0.2,3.8

23/05/2010,04:45:00,nan,0.0,0.0,0.0,0.2,3.8

23/05/2010,05:00:00,nan,0.0,0.0,0.0,0.2,3.8

23/05/2010,05:15:00,nan,0.0,0.0,0.0,0.2,3.8

23/05/2010,05:30:00,nan,0.0,0.0,0.0,0.2,3.8

23/05/2010,05:45:00,nan,0.0,0.0,0.0,0.2,3.8

23/05/2010,06:00:00,nan,0.0,0.0,0.0,0.2,3.8

23/05/2010,06:15:00,nan,0.0,0.0,0.0,0.0,3.8

23/05/2010,06:30:00,nan,0.0,0.0,0.0,0.0,3.8

23/05/2010,06:45:00,nan,0.0,0.0,0.0,0.0,3.8

23/05/2010,07:00:00,nan,0.0,0.0,0.0,0.0,3.8

23/05/2010,07:15:00,nan,0.0,0.0,0.0,0.0,3.8

23/05/2010,07:30:00,nan,0.0,0.0,0.0,0.0,3.8

23/05/2010,07:45:00,nan,0.0,0.0,0.0,0.0,3.8

23/05/2010,08:00:00,nan,0.0,0.0,0.0,0.0,3.8

23/05/2010,08:15:00,nan,0.0,0.0,0.0,0.0,3.8

23/05/2010,08:30:00,nan,0.0,0.0,0.0,0.0,3.8

23/05/2010,08:45:00,nan,0.0,0.0,0.0,0.0,3.8

23/05/2010,09:00:00,nan,0.0,0.0,0.0,0.0,3.8

23/05/2010,09:15:00,nan,0.0,0.0,0.0,0.0,3.8

23/05/2010,09:30:00,nan,0.0,0.0,0.0,0.0,3.8

23/05/2010,09:45:00,nan,0.0,0.0,0.0,0.0,3.8

23/05/2010,10:00:00,nan,0.0,0.0,0.0,0.0,3.8

23/05/2010,10:15:00,nan,0.0,0.0,0.0,0.0,3.8

23/05/2010,10:30:00,nan,0.0,0.0,0.0,0.0,3.8

23/05/2010,10:45:00,nan,0.0,0.0,0.0,0.0,3.8

23/05/2010,11:00:00,nan,0.0,0.0,0.0,0.0,3.8

23/05/2010,11:15:00,nan,0.0,0.0,0.0,0.0,3.8

23/05/2010,11:30:00,nan,0.0,0.0,0.0,0.0,3.8

23/05/2010,11:45:00,nan,0.0,0.0,0.0,0.0,3.8

23/05/2010,12:00:00,nan,0.0,0.0,0.0,0.0,3.8

23/05/2010,12:15:00,nan,0.0,0.0,0.0,0.0,3.8

23/05/2010,12:30:00,nan,0.0,0.0,0.0,0.0,3.8

23/05/2010,12:45:00,nan,0.0,0.0,0.0,0.0,3.8

23/05/2010,13:00:00,nan,0.0,0.0,0.0,0.0,3.8

23/05/2010,13:15:00,nan,0.0,0.0,0.0,0.0,3.8

23/05/2010,13:30:00,nan,0.0,0.0,0.0,0.0,3.8

23/05/2010,13:45:00,nan,0.0,0.0,0.0,0.0,3.8

23/05/2010,14:00:00,nan,0.0,0.0,0.0,0.0,3.8

23/05/2010,14:15:00,nan,0.0,0.0,0.0,0.0,3.8

23/05/2010,14:30:00,nan,0.0,0.0,0.0,0.0,3.8

23/05/2010,14:45:00,nan,0.0,0.0,0.0,0.0,3.8

23/05/2010,15:00:00,nan,0.0,0.0,0.0,0.0,3.8

23/05/2010,15:15:00,nan,0.0,0.0,0.0,0.0,3.8

23/05/2010,15:30:00,nan,0.0,0.0,0.0,0.0,3.8

23/05/2010,15:45:00,nan,0.0,0.0,0.0,0.0,3.8

23/05/2010,16:00:00,nan,0.0,0.0,0.0,0.0,3.8

23/05/2010,16:15:00,nan,0.0,0.0,0.0,0.0,3.8

23/05/2010,16:30:00,nan,0.0,0.0,0.0,0.0,3.8

23/05/2010,16:45:00,nan,0.0,0.0,0.0,0.0,3.8

23/05/2010,17:00:00,nan,0.0,0.0,0.0,0.0,3.8

23/05/2010,17:15:00,nan,0.0,0.0,0.0,0.0,3.8

23/05/2010,17:30:00,nan,0.0,0.0,0.0,0.0,3.8

23/05/2010,17:45:00,nan,0.0,0.0,0.0,0.0,3.8

23/05/2010,18:00:00,nan,0.0,0.0,0.0,0.0,3.8

23/05/2010,18:15:00,nan,0.0,0.0,0.0,0.0,3.8

23/05/2010,18:30:00,nan,0.0,0.0,0.0,0.0,3.8

23/05/2010,18:45:00,nan,0.0,0.0,0.0,0.0,3.8

23/05/2010,19:00:00,nan,0.0,0.0,0.0,0.0,3.6

23/05/2010,19:15:00,nan,0.0,0.0,0.0,0.0,3.2

23/05/2010,19:30:00,nan,0.0,0.0,0.0,0.0,3.0

23/05/2010,19:45:00,nan,0.0,0.0,0.0,0.0,3.0

23/05/2010,20:00:00,nan,0.0,0.0,0.0,0.0,3.0

23/05/2010,20:15:00,nan,0.0,0.0,0.0,0.0,3.0

23/05/2010,20:30:00,nan,0.0,0.0,0.0,0.0,3.0

23/05/2010,20:45:00,nan,0.0,0.0,0.0,0.0,3.0

23/05/2010,21:00:00,nan,0.0,0.0,0.0,0.0,3.0

23/05/2010,21:15:00,nan,0.0,0.0,0.0,0.0,3.0

23/05/2010,21:30:00,nan,0.0,0.0,0.0,0.0,3.0

23/05/2010,21:45:00,nan,0.0,0.0,0.0,0.0,3.0

23/05/2010,22:00:00,nan,0.0,0.0,0.0,0.0,3.0

23/05/2010,22:15:00,nan,0.0,0.0,0.0,0.0,3.0

23/05/2010,22:30:00,nan,0.0,0.0,0.0,0.0,3.0

23/05/2010,22:45:00,nan,0.0,0.0,0.0,0.0,3.0

23/05/2010,23:00:00,nan,0.0,0.0,0.0,0.0,3.0

23/05/2010,23:15:00,nan,0.0,0.0,0.0,0.0,3.0

23/05/2010,23:30:00,nan,0.0,0.0,0.0,0.0,3.0

23/05/2010,23:45:00,nan,0.0,0.0,0.0,0.0,3.0

24/05/2010,00:00:00,nan,0.0,0.0,0.0,0.0,3.0

24/05/2010,00:15:00,nan,0.0,0.0,0.0,0.0,3.0

24/05/2010,00:30:00,nan,0.0,0.0,0.0,0.0,3.0

24/05/2010,00:45:00,nan,0.0,0.0,0.0,0.0,3.0

24/05/2010,01:00:00,nan,0.0,0.0,0.0,0.0,3.0

24/05/2010,01:15:00,nan,0.0,0.0,0.0,0.0,3.0

24/05/2010,01:30:00,nan,0.0,0.0,0.0,0.0,3.0

24/05/2010,01:45:00,nan,0.0,0.0,0.0,0.0,3.0

24/05/2010,02:00:00,nan,0.0,0.0,0.0,0.0,3.0

24/05/2010,02:15:00,nan,0.0,0.0,0.0,0.0,3.0

24/05/2010,02:30:00,nan,0.0,0.0,0.0,0.0,3.0

24/05/2010,02:45:00,nan,0.0,0.0,0.0,0.0,3.0

24/05/2010,03:00:00,nan,0.0,0.0,0.0,0.0,3.0

24/05/2010,03:15:00,nan,0.0,0.0,0.0,0.0,3.0

24/05/2010,03:30:00,nan,0.0,0.0,0.0,0.0,3.0

24/05/2010,03:45:00,nan,0.0,0.0,0.0,0.0,3.0

24/05/2010,04:00:00,nan,0.0,0.0,0.0,0.0,3.0

24/05/2010,04:15:00,nan,0.0,0.0,0.0,0.0,3.0

24/05/2010,04:30:00,nan,0.0,0.0,0.0,0.0,3.0

24/05/2010,04:45:00,nan,0.0,0.0,0.0,0.0,3.0

24/05/2010,05:00:00,nan,0.0,0.0,0.0,0.0,3.0

24/05/2010,05:15:00,nan,0.0,0.0,0.0,0.0,3.0

24/05/2010,05:30:00,nan,0.0,0.0,0.0,0.0,3.0

24/05/2010,05:45:00,nan,0.0,0.0,0.0,0.0,3.0

24/05/2010,06:00:00,nan,0.0,0.0,0.0,0.0,3.0

24/05/2010,06:15:00,nan,0.0,0.0,0.0,0.0,3.0

24/05/2010,06:30:00,nan,0.0,0.0,0.0,0.0,3.0

24/05/2010,06:45:00,nan,0.0,0.0,0.0,0.0,3.0

24/05/2010,07:00:00,nan,0.0,0.0,0.0,0.0,3.0

24/05/2010,07:15:00,nan,0.0,0.0,0.0,0.0,3.0

24/05/2010,07:30:00,nan,0.0,0.0,0.0,0.0,3.0

24/05/2010,07:45:00,nan,0.0,0.0,0.0,0.0,3.0

24/05/2010,08:00:00,nan,0.0,0.0,0.0,0.0,3.0

24/05/2010,08:15:00,nan,0.0,0.0,0.0,0.0,3.0

24/05/2010,08:30:00,nan,0.0,0.0,0.0,0.0,3.0

24/05/2010,08:45:00,nan,0.0,0.0,0.0,0.0,3.0

24/05/2010,09:00:00,nan,0.0,0.0,0.0,0.0,3.0

24/05/2010,09:15:00,nan,0.0,0.0,0.0,0.0,3.0

24/05/2010,09:30:00,nan,0.0,0.0,0.0,0.0,3.0

24/05/2010,09:45:00,nan,0.0,0.0,0.0,0.0,3.0

24/05/2010,10:00:00,nan,0.0,0.0,0.0,0.0,3.0

24/05/2010,10:15:00,nan,0.0,0.0,0.0,0.0,3.0

24/05/2010,10:30:00,nan,0.0,0.0,0.0,0.0,3.0

24/05/2010,10:45:00,nan,0.0,0.0,0.0,0.0,3.0

24/05/2010,11:00:00,nan,0.0,0.0,0.0,0.0,3.0

24/05/2010,11:15:00,nan,0.0,0.0,0.0,0.0,3.0

24/05/2010,11:30:00,nan,0.0,0.0,0.0,0.0,3.0

24/05/2010,11:45:00,nan,0.0,0.0,0.0,0.0,3.0

24/05/2010,12:00:00,nan,0.0,0.0,0.0,0.0,3.0

24/05/2010,12:15:00,nan,0.0,0.0,0.0,0.0,3.0

24/05/2010,12:30:00,nan,0.0,0.0,0.0,0.0,3.0

24/05/2010,12:45:00,nan,0.0,0.0,0.0,0.0,3.0

24/05/2010,13:00:00,nan,0.0,0.0,0.0,0.0,3.0

24/05/2010,13:15:00,nan,0.0,0.0,0.0,0.0,3.0

24/05/2010,13:30:00,nan,0.0,0.0,0.0,0.0,3.0

24/05/2010,13:45:00,nan,0.0,0.0,0.0,0.0,3.0

24/05/2010,14:00:00,nan,0.0,0.0,0.0,0.0,3.0

24/05/2010,14:15:00,nan,0.0,0.0,0.0,0.0,3.0

24/05/2010,14:30:00,nan,0.0,0.0,0.0,0.0,3.0

24/05/2010,14:45:00,nan,0.0,0.0,0.0,0.0,3.0

24/05/2010,15:00:00,nan,0.0,0.0,0.0,0.0,3.0

24/05/2010,15:15:00,nan,0.0,0.0,0.0,0.0,3.0

24/05/2010,15:30:00,nan,0.0,0.0,0.0,0.0,3.0

24/05/2010,15:45:00,nan,0.0,0.0,0.0,0.0,3.0

24/05/2010,16:00:00,nan,0.0,0.0,0.0,0.0,3.0

24/05/2010,16:15:00,nan,0.0,0.0,0.0,0.0,3.0

24/05/2010,16:30:00,nan,0.0,0.0,0.0,0.0,3.0

24/05/2010,16:45:00,nan,0.0,0.0,0.0,0.0,3.0

24/05/2010,17:00:00,nan,0.0,0.0,0.0,0.0,3.0

24/05/2010,17:15:00,nan,0.0,0.0,0.0,0.0,3.0

24/05/2010,17:30:00,nan,0.0,0.0,0.0,0.0,3.0

24/05/2010,17:45:00,nan,0.0,0.0,0.0,0.0,3.0

24/05/2010,18:00:00,nan,0.0,0.0,0.0,0.0,3.0

24/05/2010,18:15:00,nan,0.0,0.0,0.0,0.0,3.0

24/05/2010,18:30:00,nan,0.0,0.0,0.0,0.0,3.0

24/05/2010,18:45:00,nan,0.0,0.0,0.0,0.0,3.0

24/05/2010,19:00:00,nan,0.0,0.0,0.0,0.0,3.0

24/05/2010,19:15:00,nan,0.0,0.0,0.0,0.0,3.0

24/05/2010,19:30:00,nan,0.0,0.0,0.0,0.0,3.0

24/05/2010,19:45:00,nan,0.0,0.0,0.0,0.0,3.0

24/05/2010,20:00:00,nan,0.0,0.0,0.0,0.0,3.0

24/05/2010,20:15:00,nan,0.0,0.0,0.0,0.0,3.0

24/05/2010,20:30:00,nan,0.0,0.0,0.0,0.0,3.0

24/05/2010,20:45:00,nan,0.0,0.0,0.0,0.0,3.0

24/05/2010,21:00:00,nan,0.0,0.0,0.0,0.0,3.0

24/05/2010,21:15:00,nan,0.0,0.0,0.0,0.0,3.0

24/05/2010,21:30:00,nan,0.0,0.0,0.0,0.0,3.0

24/05/2010,21:45:00,nan,0.0,0.0,0.0,0.0,3.0

24/05/2010,22:00:00,nan,0.0,0.0,0.0,0.0,3.0

24/05/2010,22:15:00,nan,0.0,0.0,0.0,0.0,3.0

24/05/2010,22:30:00,nan,0.0,0.0,0.0,0.0,3.0

24/05/2010,22:45:00,nan,0.0,0.0,0.0,0.0,3.0

24/05/2010,23:00:00,nan,0.0,0.0,0.0,0.0,3.0

24/05/2010,23:15:00,nan,0.0,0.0,0.0,0.0,3.0

24/05/2010,23:30:00,nan,0.0,0.0,0.0,0.0,3.0

24/05/2010,23:45:00,nan,0.0,0.0,0.0,0.0,3.0

25/05/2010,00:00:00,nan,0.0,0.0,0.0,0.0,3.0

25/05/2010,00:15:00,nan,0.0,0.0,0.0,0.0,3.0

25/05/2010,00:30:00,nan,0.0,0.0,0.0,0.0,3.0

25/05/2010,00:45:00,nan,0.0,0.0,0.0,0.0,3.0

25/05/2010,01:00:00,nan,0.0,0.0,0.0,0.0,3.0

25/05/2010,01:15:00,nan,0.0,0.0,0.0,0.0,3.0

25/05/2010,01:30:00,nan,0.0,0.0,0.0,0.0,3.0

25/05/2010,01:45:00,nan,0.0,0.0,0.0,0.0,3.0

25/05/2010,02:00:00,nan,0.0,0.0,0.0,0.0,3.0

25/05/2010,02:15:00,nan,0.0,0.0,0.0,0.0,3.0

25/05/2010,02:30:00,nan,0.0,0.0,0.0,0.0,3.0

25/05/2010,02:45:00,nan,0.0,0.0,0.0,0.0,3.0

25/05/2010,03:00:00,nan,0.0,0.0,0.0,0.0,3.0

25/05/2010,03:15:00,nan,0.0,0.0,0.0,0.0,3.0

25/05/2010,03:30:00,nan,0.0,0.0,0.0,0.0,3.0

25/05/2010,03:45:00,nan,0.0,0.0,0.0,0.0,3.0

25/05/2010,04:00:00,nan,0.0,0.0,0.0,0.0,3.0

25/05/2010,04:15:00,nan,0.0,0.0,0.0,0.0,3.0

25/05/2010,04:30:00,nan,0.0,0.0,0.0,0.0,3.0

25/05/2010,04:45:00,nan,0.0,0.0,0.0,0.0,3.0

25/05/2010,05:00:00,nan,0.0,0.0,0.0,0.0,3.0

25/05/2010,05:15:00,nan,0.0,0.0,0.0,0.0,3.0

25/05/2010,05:30:00,nan,0.0,0.0,0.0,0.0,3.0

25/05/2010,05:45:00,nan,0.0,0.0,0.0,0.0,3.0

25/05/2010,06:00:00,nan,0.0,0.0,0.0,0.0,3.0

25/05/2010,06:15:00,nan,0.0,0.0,0.0,0.0,3.0

25/05/2010,06:30:00,nan,0.0,0.0,0.0,0.0,3.0

25/05/2010,06:45:00,nan,0.0,0.0,0.0,0.0,3.0

25/05/2010,07:00:00,nan,0.0,0.0,0.0,0.0,3.0

25/05/2010,07:15:00,nan,0.0,0.0,0.0,0.0,3.0

25/05/2010,07:30:00,nan,0.0,0.0,0.0,0.0,3.0

25/05/2010,07:45:00,nan,0.0,0.0,0.0,0.0,3.0

25/05/2010,08:00:00,nan,0.0,0.0,0.0,0.0,3.0

25/05/2010,08:15:00,nan,0.0,0.0,0.0,0.0,3.0

25/05/2010,08:30:00,nan,0.0,0.0,0.0,0.0,3.0

25/05/2010,08:45:00,nan,0.0,0.0,0.0,0.0,3.0

25/05/2010,09:00:00,nan,0.0,0.0,0.0,0.0,3.0

25/05/2010,09:15:00,nan,0.0,0.0,0.0,0.0,3.0

25/05/2010,09:30:00,nan,0.0,0.0,0.0,0.0,3.0

25/05/2010,09:45:00,nan,0.0,0.0,0.0,0.0,3.0

25/05/2010,10:00:00,nan,0.0,0.0,0.0,0.0,3.0

25/05/2010,10:15:00,nan,0.0,0.0,0.0,0.0,3.0

25/05/2010,10:30:00,nan,0.0,0.0,0.0,0.0,3.0

25/05/2010,10:45:00,nan,0.0,0.0,0.0,0.0,3.0

25/05/2010,11:00:00,nan,0.0,0.0,0.0,0.0,3.0

25/05/2010,11:15:00,nan,0.0,0.0,0.0,0.0,3.0

25/05/2010,11:30:00,nan,0.0,0.0,0.0,0.0,3.0

25/05/2010,11:45:00,nan,0.0,0.0,0.0,0.0,3.0

25/05/2010,12:00:00,nan,0.0,0.0,0.0,0.0,3.0

25/05/2010,12:15:00,nan,0.0,0.0,0.0,0.0,3.0

25/05/2010,12:30:00,nan,0.0,0.0,0.0,0.0,3.0

25/05/2010,12:45:00,nan,0.0,0.0,0.0,0.0,3.0

25/05/2010,13:00:00,nan,0.0,0.0,0.0,0.0,3.0

25/05/2010,13:15:00,nan,0.0,0.0,0.0,0.0,3.0

25/05/2010,13:30:00,nan,0.0,0.0,0.0,0.0,3.0

25/05/2010,13:45:00,nan,0.0,0.0,0.0,0.0,3.0

25/05/2010,14:00:00,nan,0.0,0.0,0.0,0.0,3.0

25/05/2010,14:15:00,nan,0.0,0.0,0.0,0.0,3.0

25/05/2010,14:30:00,nan,0.0,0.0,0.0,0.0,3.0

25/05/2010,14:45:00,nan,0.0,0.0,0.0,0.0,3.0

25/05/2010,15:00:00,nan,0.0,0.0,0.0,0.0,3.0

25/05/2010,15:15:00,nan,0.0,0.0,0.0,0.0,3.0

25/05/2010,15:30:00,nan,0.0,0.0,0.0,0.0,3.0

25/05/2010,15:45:00,nan,0.0,0.0,0.0,0.0,3.0

25/05/2010,16:00:00,nan,0.0,0.0,0.0,0.0,3.0

25/05/2010,16:15:00,nan,0.0,0.0,0.0,0.0,3.0

25/05/2010,16:30:00,nan,0.0,0.0,0.0,0.0,3.0

25/05/2010,16:45:00,nan,0.0,0.0,0.0,0.0,3.0

25/05/2010,17:00:00,nan,0.0,0.0,0.0,0.0,3.0

25/05/2010,17:15:00,nan,0.0,0.0,0.0,0.0,3.0

25/05/2010,17:30:00,nan,0.0,0.0,0.0,0.0,3.0

25/05/2010,17:45:00,nan,0.0,0.0,0.0,0.0,3.0

25/05/2010,18:00:00,nan,0.0,0.0,0.0,0.0,3.0

25/05/2010,18:15:00,nan,0.0,0.0,0.0,0.0,3.0

25/05/2010,18:30:00,nan,0.0,0.0,0.0,0.0,3.0

25/05/2010,18:45:00,nan,0.0,0.0,0.0,0.0,3.0

25/05/2010,19:00:00,nan,0.0,0.0,0.0,0.0,3.0

25/05/2010,19:15:00,nan,0.0,0.0,0.0,0.0,3.0

25/05/2010,19:30:00,nan,0.0,0.0,0.0,0.0,3.0

25/05/2010,19:45:00,nan,0.0,0.0,0.0,0.0,3.0

25/05/2010,20:00:00,nan,0.0,0.0,0.0,0.0,3.0

25/05/2010,20:15:00,nan,0.0,0.0,0.0,0.0,3.0

25/05/2010,20:30:00,nan,0.0,0.0,0.0,0.0,3.0

25/05/2010,20:45:00,nan,0.0,0.0,0.0,0.0,3.0

25/05/2010,21:00:00,nan,0.0,0.0,0.0,0.0,3.0

25/05/2010,21:15:00,nan,0.0,0.0,0.0,0.0,3.0

25/05/2010,21:30:00,nan,0.0,0.0,0.0,0.0,3.0

25/05/2010,21:45:00,nan,0.0,0.0,0.0,0.0,3.0

25/05/2010,22:00:00,nan,0.0,0.0,0.0,0.0,3.0

25/05/2010,22:15:00,nan,0.0,0.0,0.0,0.0,3.0

25/05/2010,22:30:00,nan,0.0,0.0,0.0,0.0,2.8

25/05/2010,22:45:00,nan,0.0,0.0,0.0,0.0,2.8

25/05/2010,23:00:00,nan,0.0,0.0,0.0,0.0,2.6

25/05/2010,23:15:00,nan,0.0,0.0,0.0,0.0,2.6

25/05/2010,23:30:00,nan,0.0,0.0,0.0,0.0,2.6

25/05/2010,23:45:00,nan,0.0,0.0,0.0,0.0,1.4

26/05/2010,00:00:00,nan,0.0,0.0,0.0,0.0,0.6

26/05/2010,00:15:00,nan,0.0,0.0,0.0,0.0,0.4

26/05/2010,00:30:00,nan,0.0,0.0,0.0,0.0,0.4

26/05/2010,00:45:00,nan,0.0,0.0,0.0,0.0,0.4

26/05/2010,01:00:00,nan,0.0,0.0,0.0,0.0,0.4

26/05/2010,01:15:00,nan,0.0,0.0,0.0,0.0,0.2

26/05/2010,01:30:00,nan,0.0,0.0,0.0,0.0,0.2

26/05/2010,01:45:00,nan,0.0,0.0,0.0,0.0,0.2

26/05/2010,02:00:00,nan,0.0,0.0,0.0,0.0,0.2

26/05/2010,02:15:00,nan,0.0,0.0,0.0,0.0,0.2

26/05/2010,02:30:00,nan,0.0,0.0,0.0,0.0,0.2

26/05/2010,02:45:00,nan,0.0,0.0,0.0,0.0,0.2

26/05/2010,03:00:00,nan,0.0,0.0,0.0,0.0,0.2

26/05/2010,03:15:00,nan,0.0,0.0,0.0,0.0,0.2

26/05/2010,03:30:00,nan,0.0,0.0,0.0,0.0,0.2

26/05/2010,03:45:00,nan,0.0,0.0,0.0,0.0,0.2

26/05/2010,04:00:00,nan,0.0,0.0,0.0,0.0,0.2

26/05/2010,04:15:00,nan,0.0,0.0,0.0,0.0,0.2

26/05/2010,04:30:00,nan,0.0,0.0,0.0,0.0,0.2

26/05/2010,04:45:00,nan,0.0,0.0,0.0,0.0,0.2

26/05/2010,05:00:00,nan,0.0,0.0,0.0,0.0,0.2

26/05/2010,05:15:00,nan,0.0,0.0,0.0,0.0,0.2

26/05/2010,05:30:00,nan,0.0,0.0,0.0,0.0,0.2

26/05/2010,05:45:00,nan,0.0,0.0,0.0,0.0,0.2

26/05/2010,06:00:00,nan,0.0,0.0,0.0,0.0,0.2

26/05/2010,06:15:00,nan,0.0,0.0,0.0,0.0,0.0

26/05/2010,06:30:00,nan,0.0,0.0,0.0,0.0,0.0

26/05/2010,06:45:00,nan,0.0,0.0,0.0,0.0,0.0

26/05/2010,07:00:00,nan,0.0,0.0,0.0,0.0,0.0

26/05/2010,07:15:00,nan,0.0,0.0,0.0,0.0,0.0

26/05/2010,07:30:00,nan,0.0,0.0,0.0,0.0,0.0

26/05/2010,07:45:00,nan,0.0,0.0,0.0,0.0,0.0

26/05/2010,08:00:00,nan,0.0,0.0,0.0,0.0,0.0

26/05/2010,08:15:00,nan,0.0,0.0,0.0,0.0,0.0

26/05/2010,08:30:00,nan,0.0,0.0,0.0,0.0,0.0

26/05/2010,08:45:00,nan,0.0,0.0,0.0,0.0,0.0

26/05/2010,09:00:00,nan,0.0,0.0,0.0,0.0,0.0

26/05/2010,09:15:00,nan,0.0,0.0,0.0,0.0,0.0

26/05/2010,09:30:00,nan,0.0,0.0,0.0,0.0,0.0

26/05/2010,09:45:00,nan,0.0,0.0,0.0,0.0,0.0

26/05/2010,10:00:00,nan,0.0,0.0,0.0,0.0,0.0

26/05/2010,10:15:00,nan,0.0,0.0,0.0,0.0,0.0

26/05/2010,10:30:00,nan,0.0,0.0,0.0,0.0,0.0

26/05/2010,10:45:00,nan,0.0,0.0,0.0,0.0,0.0

26/05/2010,11:00:00,nan,0.0,0.0,0.0,0.0,0.0

26/05/2010,11:15:00,nan,0.0,0.0,0.0,0.0,0.0

26/05/2010,11:30:00,nan,0.0,0.0,0.0,0.0,0.0

26/05/2010,11:45:00,nan,0.0,0.0,0.0,0.0,0.0

26/05/2010,12:00:00,nan,0.0,0.0,0.0,0.0,0.0

26/05/2010,12:15:00,nan,0.0,0.0,0.0,0.0,0.0

26/05/2010,12:30:00,nan,0.0,0.0,0.0,0.0,0.0

26/05/2010,12:45:00,nan,0.0,0.0,0.0,0.0,0.0

26/05/2010,13:00:00,nan,0.0,0.0,0.0,0.0,0.0

26/05/2010,13:15:00,nan,0.0,0.0,0.0,0.0,0.0

26/05/2010,13:30:00,nan,0.0,0.0,0.0,0.0,0.0

26/05/2010,13:45:00,nan,0.0,0.0,0.0,0.0,0.0

26/05/2010,14:00:00,nan,0.0,0.0,0.0,0.0,0.0

26/05/2010,14:15:00,nan,0.0,0.0,0.0,0.0,0.0

26/05/2010,14:30:00,nan,0.0,0.0,0.0,0.0,0.0

26/05/2010,14:45:00,nan,0.0,0.0,0.0,0.0,0.0

26/05/2010,15:00:00,nan,0.0,0.0,0.0,0.0,0.0

26/05/2010,15:15:00,nan,0.0,0.0,0.0,0.0,0.0

26/05/2010,15:30:00,nan,0.0,0.0,0.0,0.0,0.0

26/05/2010,15:45:00,nan,0.0,0.0,0.0,0.0,0.0

26/05/2010,16:00:00,nan,0.0,0.0,0.0,0.0,0.0

26/05/2010,16:15:00,nan,0.0,0.0,0.0,0.0,0.0

26/05/2010,16:30:00,nan,0.0,0.0,0.0,0.0,0.0

26/05/2010,16:45:00,nan,0.0,0.0,0.0,0.0,0.0

26/05/2010,17:00:00,nan,0.0,0.0,0.0,0.0,0.0

26/05/2010,17:15:00,nan,0.0,0.0,0.0,0.0,0.0

26/05/2010,17:30:00,nan,0.0,0.0,0.0,0.0,0.0

26/05/2010,17:45:00,nan,0.0,0.0,0.0,0.0,0.0

26/05/2010,18:00:00,nan,0.0,0.0,0.0,0.0,0.0

26/05/2010,18:15:00,nan,0.0,0.0,0.0,0.0,0.0

26/05/2010,18:30:00,nan,0.0,0.0,0.0,0.0,0.0

26/05/2010,18:45:00,nan,0.0,0.0,0.0,0.0,0.0

26/05/2010,19:00:00,nan,0.0,0.0,0.0,0.0,0.0

26/05/2010,19:15:00,nan,0.0,0.0,0.0,0.0,0.0

26/05/2010,19:30:00,nan,0.0,0.0,0.0,0.0,0.0

26/05/2010,19:45:00,nan,0.0,0.0,0.0,0.0,0.0

26/05/2010,20:00:00,nan,0.0,0.0,0.0,0.0,0.0

26/05/2010,20:15:00,nan,0.0,0.0,0.0,0.0,0.0

26/05/2010,20:30:00,nan,0.0,0.0,0.0,0.0,0.0

26/05/2010,20:45:00,nan,0.0,0.0,0.0,0.0,0.0

26/05/2010,21:00:00,nan,0.0,0.0,0.0,0.0,0.0

26/05/2010,21:15:00,nan,0.0,0.0,0.0,0.0,0.0

26/05/2010,21:30:00,nan,0.0,0.0,0.0,0.0,0.0

26/05/2010,21:45:00,nan,0.0,0.0,0.0,0.0,0.0

26/05/2010,22:00:00,nan,0.0,0.0,0.0,0.0,0.0

26/05/2010,22:15:00,nan,0.0,0.0,0.0,0.0,0.0

26/05/2010,22:30:00,nan,0.0,0.0,0.0,0.0,0.0

26/05/2010,22:45:00,nan,0.0,0.0,0.0,0.0,0.0

26/05/2010,23:00:00,nan,0.0,0.0,0.0,0.0,0.0

26/05/2010,23:15:00,nan,0.0,0.0,0.0,0.0,0.0

26/05/2010,23:30:00,nan,0.0,0.0,0.0,0.0,0.0

26/05/2010,23:45:00,nan,0.0,0.0,0.0,0.0,0.0

27/05/2010,00:00:00,nan,0.0,0.0,0.0,0.0,0.0

27/05/2010,00:15:00,nan,0.0,0.0,0.0,0.0,0.0

27/05/2010,00:30:00,nan,0.0,0.0,0.0,0.0,0.0

27/05/2010,00:45:00,nan,0.0,0.0,0.0,0.0,0.0

27/05/2010,01:00:00,nan,0.0,0.0,0.0,0.0,0.0

27/05/2010,01:15:00,nan,0.6,0.6,0.6,0.6,0.6

27/05/2010,01:30:00,nan,0.4,1.0,1.0,1.0,1.0

27/05/2010,01:45:00,nan,0.0,1.0,1.0,1.0,1.0

27/05/2010,02:00:00,nan,0.0,1.0,1.0,1.0,1.0

27/05/2010,02:15:00,nan,0.0,0.4,1.0,1.0,1.0

27/05/2010,02:30:00,nan,0.0,0.0,1.0,1.0,1.0

27/05/2010,02:45:00,nan,0.0,0.0,1.0,1.0,1.0

27/05/2010,03:00:00,nan,0.0,0.0,1.0,1.0,1.0

27/05/2010,03:15:00,nan,0.0,0.0,1.0,1.0,1.0

27/05/2010,03:30:00,nan,0.0,0.0,1.0,1.0,1.0

27/05/2010,03:45:00,nan,0.0,0.0,1.0,1.0,1.0

27/05/2010,04:00:00,nan,0.0,0.0,1.0,1.0,1.0

27/05/2010,04:15:00,nan,0.0,0.0,1.0,1.0,1.0

27/05/2010,04:30:00,nan,0.0,0.0,1.0,1.0,1.0

27/05/2010,04:45:00,nan,0.0,0.0,1.0,1.0,1.0

27/05/2010,05:00:00,nan,0.0,0.0,1.0,1.0,1.0

27/05/2010,05:15:00,nan,0.0,0.0,0.4,1.0,1.0

27/05/2010,05:30:00,nan,0.0,0.0,0.0,1.0,1.0

27/05/2010,05:45:00,nan,0.0,0.0,0.0,1.0,1.0

27/05/2010,06:00:00,nan,0.0,0.0,0.0,1.0,1.0

27/05/2010,06:15:00,nan,0.0,0.0,0.0,1.0,1.0

27/05/2010,06:30:00,nan,0.0,0.0,0.0,1.0,1.0

27/05/2010,06:45:00,nan,0.0,0.0,0.0,1.0,1.0

27/05/2010,07:00:00,nan,0.0,0.0,0.0,1.0,1.0

27/05/2010,07:15:00,nan,0.0,0.0,0.0,1.0,1.0

27/05/2010,07:30:00,nan,0.2,0.2,0.2,1.2,1.2

27/05/2010,07:45:00,nan,0.0,0.2,0.2,1.2,1.2

27/05/2010,08:00:00,nan,0.0,0.2,0.2,1.2,1.2

27/05/2010,08:15:00,nan,0.0,0.2,0.2,1.2,1.2

27/05/2010,08:30:00,nan,0.0,0.0,0.2,1.2,1.2

27/05/2010,08:45:00,nan,0.0,0.0,0.2,1.2,1.2

27/05/2010,09:00:00,nan,0.0,0.0,0.2,1.2,1.2

27/05/2010,09:15:00,nan,0.0,0.0,0.2,1.2,1.2

27/05/2010,09:30:00,nan,0.0,0.0,0.2,1.2,1.2

27/05/2010,09:45:00,nan,0.0,0.0,0.2,1.2,1.2

27/05/2010,10:00:00,nan,0.0,0.0,0.2,1.2,1.2

27/05/2010,10:15:00,nan,0.0,0.0,0.2,1.2,1.2

27/05/2010,10:30:00,nan,0.0,0.0,0.2,1.2,1.2

27/05/2010,10:45:00,nan,0.0,0.0,0.2,1.2,1.2

27/05/2010,11:00:00,nan,0.0,0.0,0.2,1.2,1.2

27/05/2010,11:15:00,nan,0.0,0.0,0.2,1.2,1.2

27/05/2010,11:30:00,nan,0.0,0.0,0.0,1.2,1.2

27/05/2010,11:45:00,nan,0.0,0.0,0.0,1.2,1.2

27/05/2010,12:00:00,nan,0.0,0.0,0.0,1.2,1.2

27/05/2010,12:15:00,nan,0.0,0.0,0.0,1.2,1.2

27/05/2010,12:30:00,nan,0.0,0.0,0.0,1.2,1.2

27/05/2010,12:45:00,nan,0.0,0.0,0.0,1.2,1.2

27/05/2010,13:00:00,nan,0.0,0.0,0.0,1.2,1.2

27/05/2010,13:15:00,nan,0.0,0.0,0.0,1.2,1.2

27/05/2010,13:30:00,nan,0.0,0.0,0.0,1.2,1.2

27/05/2010,13:45:00,nan,0.0,0.0,0.0,1.2,1.2

27/05/2010,14:00:00,nan,0.0,0.0,0.0,1.2,1.2

27/05/2010,14:15:00,nan,0.0,0.0,0.0,1.2,1.2

27/05/2010,14:30:00,nan,0.0,0.0,0.0,1.2,1.2

27/05/2010,14:45:00,nan,0.0,0.0,0.0,1.2,1.2

27/05/2010,15:00:00,nan,0.0,0.0,0.0,1.2,1.2

27/05/2010,15:15:00,nan,0.0,0.0,0.0,1.2,1.2

27/05/2010,15:30:00,nan,0.0,0.0,0.0,1.2,1.2

27/05/2010,15:45:00,nan,0.0,0.0,0.0,1.2,1.2

27/05/2010,16:00:00,nan,0.0,0.0,0.0,1.2,1.2

27/05/2010,16:15:00,nan,0.0,0.0,0.0,1.2,1.2

27/05/2010,16:30:00,nan,0.0,0.0,0.0,1.2,1.2

27/05/2010,16:45:00,nan,0.0,0.0,0.0,1.2,1.2

27/05/2010,17:00:00,nan,0.0,0.0,0.0,1.2,1.2

27/05/2010,17:15:00,nan,0.0,0.0,0.0,1.2,1.2

27/05/2010,17:30:00,nan,0.0,0.0,0.0,1.2,1.2

27/05/2010,17:45:00,nan,0.0,0.0,0.0,1.2,1.2

27/05/2010,18:00:00,nan,0.0,0.0,0.0,1.2,1.2

27/05/2010,18:15:00,nan,0.0,0.0,0.0,1.2,1.2

27/05/2010,18:30:00,nan,0.0,0.0,0.0,1.2,1.2

27/05/2010,18:45:00,nan,0.0,0.0,0.0,1.2,1.2

27/05/2010,19:00:00,nan,0.0,0.0,0.0,1.2,1.2

27/05/2010,19:15:00,nan,0.0,0.0,0.0,1.2,1.2

27/05/2010,19:30:00,nan,0.0,0.0,0.0,1.2,1.2

27/05/2010,19:45:00,nan,0.0,0.0,0.0,1.2,1.2

27/05/2010,20:00:00,nan,0.0,0.0,0.0,1.2,1.2

27/05/2010,20:15:00,nan,0.0,0.0,0.0,1.2,1.2

27/05/2010,20:30:00,nan,0.0,0.0,0.0,1.2,1.2

27/05/2010,20:45:00,nan,0.0,0.0,0.0,1.2,1.2

27/05/2010,21:00:00,nan,0.0,0.0,0.0,1.2,1.2

27/05/2010,21:15:00,nan,0.0,0.0,0.0,1.2,1.2

27/05/2010,21:30:00,nan,0.0,0.0,0.0,1.2,1.2

27/05/2010,21:45:00,nan,0.0,0.0,0.0,1.2,1.2

27/05/2010,22:00:00,nan,0.0,0.0,0.0,1.2,1.2

27/05/2010,22:15:00,nan,0.0,0.0,0.0,1.2,1.2

27/05/2010,22:30:00,nan,0.0,0.0,0.0,1.2,1.2

27/05/2010,22:45:00,nan,0.0,0.0,0.0,1.2,1.2

27/05/2010,23:00:00,nan,0.0,0.0,0.0,1.2,1.2

27/05/2010,23:15:00,nan,0.0,0.0,0.0,1.2,1.2

27/05/2010,23:30:00,nan,0.0,0.0,0.0,1.2,1.2

27/05/2010,23:45:00,nan,0.0,0.0,0.0,1.2,1.2

28/05/2010,00:00:00,nan,0.0,0.0,0.0,1.2,1.2

28/05/2010,00:15:00,nan,0.0,0.0,0.0,1.2,1.2

28/05/2010,00:30:00,nan,0.0,0.0,0.0,1.2,1.2

28/05/2010,00:45:00,nan,0.0,0.0,0.0,1.2,1.2

28/05/2010,01:00:00,nan,0.0,0.0,0.0,1.2,1.2

28/05/2010,01:15:00,nan,0.0,0.0,0.0,0.6,1.2

28/05/2010,01:30:00,nan,0.0,0.0,0.0,0.2,1.2

28/05/2010,01:45:00,nan,0.0,0.0,0.0,0.2,1.2

28/05/2010,02:00:00,nan,0.0,0.0,0.0,0.2,1.2

28/05/2010,02:15:00,nan,0.0,0.0,0.0,0.2,1.2

28/05/2010,02:30:00,nan,0.0,0.0,0.0,0.2,1.2

28/05/2010,02:45:00,nan,0.0,0.0,0.0,0.2,1.2

28/05/2010,03:00:00,nan,0.0,0.0,0.0,0.2,1.2

28/05/2010,03:15:00,nan,0.0,0.0,0.0,0.2,1.2

28/05/2010,03:30:00,nan,0.0,0.0,0.0,0.2,1.2

28/05/2010,03:45:00,nan,0.0,0.0,0.0,0.2,1.2

28/05/2010,04:00:00,nan,0.0,0.0,0.0,0.2,1.2

28/05/2010,04:15:00,nan,0.0,0.0,0.0,0.2,1.2

28/05/2010,04:30:00,nan,0.2,0.2,0.2,0.4,1.4

28/05/2010,04:45:00,nan,0.2,0.4,0.4,0.6,1.6

28/05/2010,05:00:00,nan,0.0,0.4,0.4,0.6,1.6

28/05/2010,05:15:00,nan,0.2,0.6,0.6,0.8,1.8

28/05/2010,05:30:00,nan,0.0,0.4,0.6,0.8,1.8

28/05/2010,05:45:00,nan,0.0,0.2,0.6,0.8,1.8

28/05/2010,06:00:00,nan,0.0,0.2,0.6,0.8,1.8

28/05/2010,06:15:00,nan,0.0,0.0,0.6,0.8,1.8

28/05/2010,06:30:00,nan,0.0,0.0,0.6,0.8,1.8

28/05/2010,06:45:00,nan,0.0,0.0,0.6,0.8,1.8

28/05/2010,07:00:00,nan,0.2,0.2,0.8,1.0,2.0

28/05/2010,07:15:00,nan,0.4,0.6,1.2,1.4,2.4

28/05/2010,07:30:00,nan,0.2,0.8,1.4,1.4,2.6

28/05/2010,07:45:00,nan,0.6,1.4,2.0,2.0,3.2

28/05/2010,08:00:00,nan,1.2,2.4,3.2,3.2,4.4

28/05/2010,08:15:00,nan,0.2,2.2,3.4,3.4,4.6

28/05/2010,08:30:00,nan,0.0,2.0,3.2,3.4,4.6

28/05/2010,08:45:00,nan,0.0,1.4,3.0,3.4,4.6

28/05/2010,09:00:00,nan,0.0,0.2,3.0,3.4,4.6

28/05/2010,09:15:00,nan,0.0,0.0,2.8,3.4,4.6

28/05/2010,09:30:00,nan,0.0,0.0,2.8,3.4,4.6

28/05/2010,09:45:00,nan,0.0,0.0,2.8,3.4,4.6

28/05/2010,10:00:00,nan,0.0,0.0,2.8,3.4,4.6

28/05/2010,10:15:00,nan,0.0,0.0,2.8,3.4,4.6

28/05/2010,10:30:00,nan,0.0,0.0,2.8,3.4,4.6

28/05/2010,10:45:00,nan,0.0,0.0,2.8,3.4,4.6

28/05/2010,11:00:00,nan,0.0,0.0,2.6,3.4,4.6

28/05/2010,11:15:00,nan,0.0,0.0,2.2,3.4,4.6

28/05/2010,11:30:00,nan,0.0,0.0,2.0,3.4,4.6

28/05/2010,11:45:00,nan,1.0,1.0,2.4,4.4,5.6

28/05/2010,12:00:00,nan,2.4,3.4,3.6,6.8,8.0

28/05/2010,12:15:00,nan,0.0,3.4,3.4,6.8,8.0

28/05/2010,12:30:00,nan,0.0,3.4,3.4,6.8,8.0

28/05/2010,12:45:00,nan,0.0,2.4,3.4,6.8,8.0

28/05/2010,13:00:00,nan,0.0,0.0,3.4,6.8,8.0

28/05/2010,13:15:00,nan,0.0,0.0,3.4,6.8,8.0

28/05/2010,13:30:00,nan,0.0,0.0,3.4,6.8,8.0

28/05/2010,13:45:00,nan,0.0,0.0,3.4,6.8,8.0

28/05/2010,14:00:00,nan,0.0,0.0,3.4,6.8,8.0

28/05/2010,14:15:00,nan,0.0,0.0,3.4,6.8,8.0

28/05/2010,14:30:00,nan,0.0,0.0,3.4,6.8,8.0

28/05/2010,14:45:00,nan,0.0,0.0,3.4,6.8,8.0

28/05/2010,15:00:00,nan,0.0,0.0,3.4,6.8,8.0

28/05/2010,15:15:00,nan,0.0,0.0,3.4,6.8,8.0

28/05/2010,15:30:00,nan,0.0,0.0,3.4,6.8,8.0

28/05/2010,15:45:00,nan,0.0,0.0,2.4,6.8,8.0

28/05/2010,16:00:00,nan,0.0,0.0,0.0,6.8,8.0

28/05/2010,16:15:00,nan,0.0,0.0,0.0,6.8,8.0

28/05/2010,16:30:00,nan,0.0,0.0,0.0,6.8,8.0

28/05/2010,16:45:00,nan,0.0,0.0,0.0,6.8,8.0

28/05/2010,17:00:00,nan,0.0,0.0,0.0,6.8,8.0

28/05/2010,17:15:00,nan,0.0,0.0,0.0,6.8,8.0

28/05/2010,17:30:00,nan,0.0,0.0,0.0,6.8,8.0

28/05/2010,17:45:00,nan,0.0,0.0,0.0,6.8,8.0

28/05/2010,18:00:00,nan,0.0,0.0,0.0,6.8,8.0

28/05/2010,18:15:00,nan,0.0,0.0,0.0,6.8,8.0

28/05/2010,18:30:00,nan,0.0,0.0,0.0,6.8,8.0

28/05/2010,18:45:00,nan,0.0,0.0,0.0,6.8,8.0

28/05/2010,19:00:00,nan,0.0,0.0,0.0,6.8,8.0

28/05/2010,19:15:00,nan,0.0,0.0,0.0,6.8,8.0

28/05/2010,19:30:00,nan,0.0,0.0,0.0,6.8,8.0

28/05/2010,19:45:00,nan,0.0,0.0,0.0,6.8,8.0

28/05/2010,20:00:00,nan,0.0,0.0,0.0,6.8,8.0

28/05/2010,20:15:00,nan,0.0,0.0,0.0,6.8,8.0

28/05/2010,20:30:00,nan,0.0,0.0,0.0,6.8,8.0

28/05/2010,20:45:00,nan,0.0,0.0,0.0,6.8,8.0

28/05/2010,21:00:00,nan,0.0,0.0,0.0,6.8,8.0

28/05/2010,21:15:00,nan,0.0,0.0,0.0,6.8,8.0

28/05/2010,21:30:00,nan,0.0,0.0,0.0,6.8,8.0

28/05/2010,21:45:00,nan,0.0,0.0,0.0,6.8,8.0

28/05/2010,22:00:00,nan,0.0,0.0,0.0,6.8,8.0

28/05/2010,22:15:00,nan,0.0,0.0,0.0,6.8,8.0

28/05/2010,22:30:00,nan,0.0,0.0,0.0,6.8,8.0

28/05/2010,22:45:00,nan,0.0,0.0,0.0,6.8,8.0

28/05/2010,23:00:00,nan,0.0,0.0,0.0,6.8,8.0

28/05/2010,23:15:00,nan,0.0,0.0,0.0,6.8,8.0

28/05/2010,23:30:00,nan,0.0,0.0,0.0,6.8,8.0

28/05/2010,23:45:00,nan,0.0,0.0,0.0,6.8,8.0

29/05/2010,00:00:00,nan,0.0,0.0,0.0,6.8,8.0

29/05/2010,00:15:00,nan,0.0,0.0,0.0,6.8,8.0

29/05/2010,00:30:00,nan,0.0,0.0,0.0,6.8,8.0

29/05/2010,00:45:00,nan,0.0,0.0,0.0,6.8,8.0

29/05/2010,01:00:00,nan,0.0,0.0,0.0,6.8,8.0

29/05/2010,01:15:00,nan,0.0,0.0,0.0,6.8,8.0

29/05/2010,01:30:00,nan,0.0,0.0,0.0,6.8,8.0

29/05/2010,01:45:00,nan,0.0,0.0,0.0,6.8,8.0

29/05/2010,02:00:00,nan,0.0,0.0,0.0,6.8,8.0

29/05/2010,02:15:00,nan,0.0,0.0,0.0,6.8,8.0

29/05/2010,02:30:00,nan,0.0,0.0,0.0,6.8,8.0

29/05/2010,02:45:00,nan,0.0,0.0,0.0,6.8,8.0

29/05/2010,03:00:00,nan,0.0,0.0,0.0,6.8,8.0

29/05/2010,03:15:00,nan,0.0,0.0,0.0,6.8,8.0

29/05/2010,03:30:00,nan,0.0,0.0,0.0,6.8,8.0

29/05/2010,03:45:00,nan,0.0,0.0,0.0,6.8,8.0

29/05/2010,04:00:00,nan,0.0,0.0,0.0,6.8,8.0

29/05/2010,04:15:00,nan,0.0,0.0,0.0,6.8,8.0

29/05/2010,04:30:00,nan,0.0,0.0,0.0,6.6,8.0

29/05/2010,04:45:00,nan,0.0,0.0,0.0,6.4,8.0

29/05/2010,05:00:00,nan,0.0,0.0,0.0,6.4,8.0

29/05/2010,05:15:00,nan,0.0,0.0,0.0,6.2,8.0

29/05/2010,05:30:00,nan,0.0,0.0,0.0,6.2,8.0

29/05/2010,05:45:00,nan,0.0,0.0,0.0,6.2,8.0

29/05/2010,06:00:00,nan,0.0,0.0,0.0,6.2,8.0

29/05/2010,06:15:00,nan,0.0,0.0,0.0,6.2,8.0

29/05/2010,06:30:00,nan,0.0,0.0,0.0,6.2,8.0

29/05/2010,06:45:00,nan,0.0,0.0,0.0,6.2,8.0

29/05/2010,07:00:00,nan,0.0,0.0,0.0,6.0,8.0

29/05/2010,07:15:00,nan,0.0,0.0,0.0,5.6,8.0

29/05/2010,07:30:00,nan,0.0,0.0,0.0,5.4,8.0

29/05/2010,07:45:00,nan,0.0,0.0,0.0,4.8,8.0

29/05/2010,08:00:00,nan,0.0,0.0,0.0,3.6,8.0

29/05/2010,08:15:00,nan,0.0,0.0,0.0,3.4,8.0

29/05/2010,08:30:00,nan,0.0,0.0,0.0,3.4,8.0

29/05/2010,08:45:00,nan,0.0,0.0,0.0,3.4,8.0

29/05/2010,09:00:00,nan,0.0,0.0,0.0,3.4,8.0

29/05/2010,09:15:00,nan,0.0,0.0,0.0,3.4,8.0

29/05/2010,09:30:00,nan,0.0,0.0,0.0,3.4,8.0

29/05/2010,09:45:00,nan,0.0,0.0,0.0,3.4,8.0

29/05/2010,10:00:00,nan,0.0,0.0,0.0,3.4,8.0

29/05/2010,10:15:00,nan,0.0,0.0,0.0,3.4,8.0

29/05/2010,10:30:00,nan,0.0,0.0,0.0,3.4,8.0

29/05/2010,10:45:00,nan,0.0,0.0,0.0,3.4,8.0

29/05/2010,11:00:00,nan,0.0,0.0,0.0,3.4,8.0

29/05/2010,11:15:00,nan,0.0,0.0,0.0,3.4,8.0

29/05/2010,11:30:00,nan,0.0,0.0,0.0,3.4,8.0

29/05/2010,11:45:00,nan,0.0,0.0,0.0,2.4,8.0

29/05/2010,12:00:00,nan,0.0,0.0,0.0,0.0,8.0

29/05/2010,12:15:00,nan,0.0,0.0,0.0,0.0,8.0

29/05/2010,12:30:00,nan,0.0,0.0,0.0,0.0,8.0

29/05/2010,12:45:00,nan,0.0,0.0,0.0,0.0,8.0

29/05/2010,13:00:00,nan,0.0,0.0,0.0,0.0,8.0

29/05/2010,13:15:00,nan,0.0,0.0,0.0,0.0,8.0

29/05/2010,13:30:00,nan,0.0,0.0,0.0,0.0,8.0

29/05/2010,13:45:00,nan,0.0,0.0,0.0,0.0,8.0

29/05/2010,14:00:00,nan,0.0,0.0,0.0,0.0,8.0

29/05/2010,14:15:00,nan,0.0,0.0,0.0,0.0,8.0

29/05/2010,14:30:00,nan,0.0,0.0,0.0,0.0,8.0

29/05/2010,14:45:00,nan,0.0,0.0,0.0,0.0,8.0

29/05/2010,15:00:00,nan,0.0,0.0,0.0,0.0,8.0

29/05/2010,15:15:00,nan,0.0,0.0,0.0,0.0,8.0

29/05/2010,15:30:00,nan,0.0,0.0,0.0,0.0,8.0

29/05/2010,15:45:00,nan,0.0,0.0,0.0,0.0,8.0

29/05/2010,16:00:00,nan,0.0,0.0,0.0,0.0,8.0

29/05/2010,16:15:00,nan,0.0,0.0,0.0,0.0,8.0

29/05/2010,16:30:00,nan,0.0,0.0,0.0,0.0,8.0

29/05/2010,16:45:00,nan,0.0,0.0,0.0,0.0,8.0

29/05/2010,17:00:00,nan,0.0,0.0,0.0,0.0,8.0

29/05/2010,17:15:00,nan,0.0,0.0,0.0,0.0,8.0

29/05/2010,17:30:00,nan,0.0,0.0,0.0,0.0,8.0

29/05/2010,17:45:00,nan,0.0,0.0,0.0,0.0,8.0

29/05/2010,18:00:00,nan,0.0,0.0,0.0,0.0,8.0

29/05/2010,18:15:00,nan,0.0,0.0,0.0,0.0,8.0

29/05/2010,18:30:00,nan,0.0,0.0,0.0,0.0,8.0

29/05/2010,18:45:00,nan,0.0,0.0,0.0,0.0,8.0

29/05/2010,19:00:00,nan,0.0,0.0,0.0,0.0,8.0

29/05/2010,19:15:00,nan,0.0,0.0,0.0,0.0,8.0

29/05/2010,19:30:00,nan,0.0,0.0,0.0,0.0,8.0

29/05/2010,19:45:00,nan,0.0,0.0,0.0,0.0,8.0

29/05/2010,20:00:00,nan,0.0,0.0,0.0,0.0,8.0

29/05/2010,20:15:00,nan,0.0,0.0,0.0,0.0,8.0

29/05/2010,20:30:00,nan,0.0,0.0,0.0,0.0,8.0

29/05/2010,20:45:00,nan,0.0,0.0,0.0,0.0,8.0

29/05/2010,21:00:00,nan,0.0,0.0,0.0,0.0,8.0

29/05/2010,21:15:00,nan,0.0,0.0,0.0,0.0,8.0

29/05/2010,21:30:00,nan,0.0,0.0,0.0,0.0,8.0

29/05/2010,21:45:00,nan,0.0,0.0,0.0,0.0,8.0

29/05/2010,22:00:00,nan,0.0,0.0,0.0,0.0,8.0

29/05/2010,22:15:00,nan,0.0,0.0,0.0,0.0,8.0

29/05/2010,22:30:00,nan,0.0,0.0,0.0,0.0,8.0

29/05/2010,22:45:00,nan,0.0,0.0,0.0,0.0,8.0

29/05/2010,23:00:00,nan,0.0,0.0,0.0,0.0,8.0

29/05/2010,23:15:00,nan,0.0,0.0,0.0,0.0,8.0

29/05/2010,23:30:00,nan,0.0,0.0,0.0,0.0,8.0

29/05/2010,23:45:00,nan,0.0,0.0,0.0,0.0,8.0

30/05/2010,00:00:00,nan,0.0,0.0,0.0,0.0,8.0

30/05/2010,00:15:00,nan,0.0,0.0,0.0,0.0,8.0

30/05/2010,00:30:00,nan,0.0,0.0,0.0,0.0,8.0

30/05/2010,00:45:00,nan,0.0,0.0,0.0,0.0,8.0

30/05/2010,01:00:00,nan,0.0,0.0,0.0,0.0,8.0

30/05/2010,01:15:00,nan,0.0,0.0,0.0,0.0,8.0

30/05/2010,01:30:00,nan,0.0,0.0,0.0,0.0,8.0

30/05/2010,01:45:00,nan,0.0,0.0,0.0,0.0,8.0

30/05/2010,02:00:00,nan,0.0,0.0,0.0,0.0,8.0

30/05/2010,02:15:00,nan,0.0,0.0,0.0,0.0,8.0

30/05/2010,02:30:00,nan,0.0,0.0,0.0,0.0,8.0

30/05/2010,02:45:00,nan,0.0,0.0,0.0,0.0,8.0

30/05/2010,03:00:00,nan,0.0,0.0,0.0,0.0,8.0

30/05/2010,03:15:00,nan,0.0,0.0,0.0,0.0,8.0

30/05/2010,03:30:00,nan,0.0,0.0,0.0,0.0,8.0

30/05/2010,03:45:00,nan,0.0,0.0,0.0,0.0,8.0

30/05/2010,04:00:00,nan,0.0,0.0,0.0,0.0,8.0

30/05/2010,04:15:00,nan,0.0,0.0,0.0,0.0,8.0

30/05/2010,04:30:00,nan,0.0,0.0,0.0,0.0,8.0

30/05/2010,04:45:00,nan,0.0,0.0,0.0,0.0,8.0

30/05/2010,05:00:00,nan,0.0,0.0,0.0,0.0,8.0

30/05/2010,05:15:00,nan,0.0,0.0,0.0,0.0,8.0

30/05/2010,05:30:00,nan,0.0,0.0,0.0,0.0,8.0

30/05/2010,05:45:00,nan,0.0,0.0,0.0,0.0,8.0

30/05/2010,06:00:00,nan,0.0,0.0,0.0,0.0,8.0

30/05/2010,06:15:00,nan,0.0,0.0,0.0,0.0,8.0

30/05/2010,06:30:00,nan,0.0,0.0,0.0,0.0,8.0

30/05/2010,06:45:00,nan,0.0,0.0,0.0,0.0,8.0

30/05/2010,07:00:00,nan,0.0,0.0,0.0,0.0,8.0

30/05/2010,07:15:00,nan,0.0,0.0,0.0,0.0,8.0

30/05/2010,07:30:00,nan,0.0,0.0,0.0,0.0,8.0

30/05/2010,07:45:00,nan,0.0,0.0,0.0,0.0,8.0

30/05/2010,08:00:00,nan,0.0,0.0,0.0,0.0,8.0

30/05/2010,08:15:00,nan,0.0,0.0,0.0,0.0,8.0

30/05/2010,08:30:00,nan,0.0,0.0,0.0,0.0,8.0

30/05/2010,08:45:00,nan,0.0,0.0,0.0,0.0,8.0

30/05/2010,09:00:00,nan,0.0,0.0,0.0,0.0,8.0

30/05/2010,09:15:00,nan,0.0,0.0,0.0,0.0,8.0

30/05/2010,09:30:00,nan,0.0,0.0,0.0,0.0,8.0

30/05/2010,09:45:00,nan,0.0,0.0,0.0,0.0,8.0

30/05/2010,10:00:00,nan,0.0,0.0,0.0,0.0,8.0

30/05/2010,10:15:00,nan,0.0,0.0,0.0,0.0,8.0

30/05/2010,10:30:00,nan,0.0,0.0,0.0,0.0,8.0

30/05/2010,10:45:00,nan,0.0,0.0,0.0,0.0,8.0

30/05/2010,11:00:00,nan,0.0,0.0,0.0,0.0,8.0

30/05/2010,11:15:00,nan,0.0,0.0,0.0,0.0,8.0

30/05/2010,11:30:00,nan,0.0,0.0,0.0,0.0,8.0

30/05/2010,11:45:00,nan,0.0,0.0,0.0,0.0,8.0

30/05/2010,12:00:00,nan,0.0,0.0,0.0,0.0,8.0

30/05/2010,12:15:00,nan,0.0,0.0,0.0,0.0,8.0

30/05/2010,12:30:00,nan,0.0,0.0,0.0,0.0,8.0

30/05/2010,12:45:00,nan,0.0,0.0,0.0,0.0,8.0

30/05/2010,13:00:00,nan,0.0,0.0,0.0,0.0,8.0

30/05/2010,13:15:00,nan,0.0,0.0,0.0,0.0,8.0

30/05/2010,13:30:00,nan,0.0,0.0,0.0,0.0,8.0

30/05/2010,13:45:00,nan,0.0,0.0,0.0,0.0,8.0

30/05/2010,14:00:00,nan,0.0,0.0,0.0,0.0,8.0

30/05/2010,14:15:00,nan,0.0,0.0,0.0,0.0,8.0

30/05/2010,14:30:00,nan,0.0,0.0,0.0,0.0,8.0

30/05/2010,14:45:00,nan,0.0,0.0,0.0,0.0,8.0

30/05/2010,15:00:00,nan,0.0,0.0,0.0,0.0,8.0

30/05/2010,15:15:00,nan,0.0,0.0,0.0,0.0,8.0

30/05/2010,15:30:00,nan,0.0,0.0,0.0,0.0,8.0

30/05/2010,15:45:00,nan,0.0,0.0,0.0,0.0,8.0

30/05/2010,16:00:00,nan,0.0,0.0,0.0,0.0,8.0

30/05/2010,16:15:00,nan,0.0,0.0,0.0,0.0,8.0

30/05/2010,16:30:00,nan,0.0,0.0,0.0,0.0,8.0

30/05/2010,16:45:00,nan,0.0,0.0,0.0,0.0,8.0

30/05/2010,17:00:00,nan,0.0,0.0,0.0,0.0,8.0

30/05/2010,17:15:00,nan,0.0,0.0,0.0,0.0,8.0

30/05/2010,17:30:00,nan,0.0,0.0,0.0,0.0,8.0

30/05/2010,17:45:00,nan,0.0,0.0,0.0,0.0,8.0

30/05/2010,18:00:00,nan,0.0,0.0,0.0,0.0,8.0

30/05/2010,18:15:00,nan,0.0,0.0,0.0,0.0,8.0

30/05/2010,18:30:00,nan,0.0,0.0,0.0,0.0,8.0

30/05/2010,18:45:00,nan,0.0,0.0,0.0,0.0,8.0

30/05/2010,19:00:00,nan,0.0,0.0,0.0,0.0,8.0

30/05/2010,19:15:00,nan,0.0,0.0,0.0,0.0,8.0

30/05/2010,19:30:00,nan,0.0,0.0,0.0,0.0,8.0

30/05/2010,19:45:00,nan,0.0,0.0,0.0,0.0,8.0

30/05/2010,20:00:00,nan,0.0,0.0,0.0,0.0,8.0

30/05/2010,20:15:00,nan,0.0,0.0,0.0,0.0,8.0

30/05/2010,20:30:00,nan,0.0,0.0,0.0,0.0,8.0

30/05/2010,20:45:00,nan,0.0,0.0,0.0,0.0,8.0

30/05/2010,21:00:00,nan,0.0,0.0,0.0,0.0,8.0

30/05/2010,21:15:00,nan,0.0,0.0,0.0,0.0,8.0

30/05/2010,21:30:00,nan,0.0,0.0,0.0,0.0,8.0

30/05/2010,21:45:00,nan,0.0,0.0,0.0,0.0,8.0

30/05/2010,22:00:00,nan,0.0,0.0,0.0,0.0,8.0

30/05/2010,22:15:00,nan,0.0,0.0,0.0,0.0,8.0

30/05/2010,22:30:00,nan,0.0,0.0,0.0,0.0,8.0

30/05/2010,22:45:00,nan,0.0,0.0,0.0,0.0,8.0

30/05/2010,23:00:00,nan,0.0,0.0,0.0,0.0,8.0

30/05/2010,23:15:00,nan,0.0,0.0,0.0,0.0,8.0

30/05/2010,23:30:00,nan,0.0,0.0,0.0,0.0,8.0

30/05/2010,23:45:00,nan,0.0,0.0,0.0,0.0,8.0

31/05/2010,00:00:00,nan,0.0,0.0,0.0,0.0,8.0

31/05/2010,00:15:00,nan,0.0,0.0,0.0,0.0,8.0

31/05/2010,00:30:00,nan,0.0,0.0,0.0,0.0,8.0

31/05/2010,00:45:00,nan,0.0,0.0,0.0,0.0,8.0

31/05/2010,01:00:00,nan,0.0,0.0,0.0,0.0,8.0

31/05/2010,01:15:00,nan,0.0,0.0,0.0,0.0,7.4

31/05/2010,01:30:00,nan,0.0,0.0,0.0,0.0,7.0

31/05/2010,01:45:00,nan,0.0,0.0,0.0,0.0,7.0

31/05/2010,02:00:00,nan,0.0,0.0,0.0,0.0,7.0

31/05/2010,02:15:00,nan,0.0,0.0,0.0,0.0,7.0

31/05/2010,02:30:00,nan,0.0,0.0,0.0,0.0,7.0

31/05/2010,02:45:00,nan,0.0,0.0,0.0,0.0,7.0

31/05/2010,03:00:00,nan,0.0,0.0,0.0,0.0,7.0

31/05/2010,03:15:00,nan,0.0,0.0,0.0,0.0,7.0

31/05/2010,03:30:00,nan,0.0,0.0,0.0,0.0,7.0

31/05/2010,03:45:00,nan,0.0,0.0,0.0,0.0,7.0

31/05/2010,04:00:00,nan,0.0,0.0,0.0,0.0,7.0

31/05/2010,04:15:00,nan,0.0,0.0,0.0,0.0,7.0

31/05/2010,04:30:00,nan,0.0,0.0,0.0,0.0,7.0

31/05/2010,04:45:00,nan,0.0,0.0,0.0,0.0,7.0

31/05/2010,05:00:00,nan,0.0,0.0,0.0,0.0,7.0

31/05/2010,05:15:00,nan,0.0,0.0,0.0,0.0,7.0

31/05/2010,05:30:00,nan,0.0,0.0,0.0,0.0,7.0

31/05/2010,05:45:00,nan,0.0,0.0,0.0,0.0,7.0

31/05/2010,06:00:00,nan,0.0,0.0,0.0,0.0,7.0

31/05/2010,06:15:00,nan,0.0,0.0,0.0,0.0,7.0

31/05/2010,06:30:00,nan,0.0,0.0,0.0,0.0,7.0

31/05/2010,06:45:00,nan,0.0,0.0,0.0,0.0,7.0

31/05/2010,07:00:00,nan,0.0,0.0,0.0,0.0,7.0

31/05/2010,07:15:00,nan,0.0,0.0,0.0,0.0,7.0

31/05/2010,07:30:00,nan,0.0,0.0,0.0,0.0,6.8

31/05/2010,07:45:00,nan,0.0,0.0,0.0,0.0,6.8

31/05/2010,08:00:00,nan,0.0,0.0,0.0,0.0,6.8

31/05/2010,08:15:00,nan,0.0,0.0,0.0,0.0,6.8

31/05/2010,08:30:00,nan,0.2,0.2,0.2,0.2,7.0

31/05/2010,08:45:00,nan,1.2,1.4,1.4,1.4,8.2

31/05/2010,09:00:00,nan,0.0,1.4,1.4,1.4,8.2

31/05/2010,09:15:00,nan,0.0,1.4,1.4,1.4,8.2

31/05/2010,09:30:00,nan,0.0,1.2,1.4,1.4,8.2

31/05/2010,09:45:00,nan,0.0,0.0,1.4,1.4,8.2

31/05/2010,10:00:00,nan,0.2,0.2,1.6,1.6,8.4

31/05/2010,10:15:00,nan,0.0,0.2,1.6,1.6,8.4

31/05/2010,10:30:00,nan,0.0,0.2,1.6,1.6,8.4

31/05/2010,10:45:00,nan,0.0,0.2,1.6,1.6,8.4

31/05/2010,11:00:00,nan,0.0,0.0,1.6,1.6,8.4

31/05/2010,11:15:00,nan,0.0,0.0,1.6,1.6,8.4

31/05/2010,11:30:00,nan,0.0,0.0,1.6,1.6,8.4

31/05/2010,11:45:00,nan,0.0,0.0,1.6,1.6,8.4

31/05/2010,12:00:00,nan,0.0,0.0,1.6,1.6,8.4

31/05/2010,12:15:00,nan,0.0,0.0,1.6,1.6,8.4

31/05/2010,12:30:00,nan,0.0,0.0,1.4,1.6,8.4

31/05/2010,12:45:00,nan,0.0,0.0,0.2,1.6,8.4

31/05/2010,13:00:00,nan,0.0,0.0,0.2,1.6,8.4

31/05/2010,13:15:00,nan,0.0,0.0,0.2,1.6,8.4

31/05/2010,13:30:00,nan,0.0,0.0,0.2,1.6,8.4

31/05/2010,13:45:00,nan,0.0,0.0,0.2,1.6,8.4

31/05/2010,14:00:00,nan,0.0,0.0,0.0,1.6,8.4

31/05/2010,14:15:00,nan,0.0,0.0,0.0,1.6,8.4

31/05/2010,14:30:00,nan,0.0,0.0,0.0,1.6,8.4

31/05/2010,14:45:00,nan,0.0,0.0,0.0,1.6,8.4

31/05/2010,15:00:00,nan,0.0,0.0,0.0,1.6,8.4

31/05/2010,15:15:00,nan,0.0,0.0,0.0,1.6,8.4

31/05/2010,15:30:00,nan,0.0,0.0,0.0,1.6,8.4

31/05/2010,15:45:00,nan,0.0,0.0,0.0,1.6,8.4

31/05/2010,16:00:00,nan,0.0,0.0,0.0,1.6,8.4

31/05/2010,16:15:00,nan,0.0,0.0,0.0,1.6,8.4

31/05/2010,16:30:00,nan,0.0,0.0,0.0,1.6,8.4

31/05/2010,16:45:00,nan,0.0,0.0,0.0,1.6,8.4

31/05/2010,17:00:00,nan,0.0,0.0,0.0,1.6,8.4

31/05/2010,17:15:00,nan,0.0,0.0,0.0,1.6,8.4

31/05/2010,17:30:00,nan,0.0,0.0,0.0,1.6,8.4

31/05/2010,17:45:00,nan,0.0,0.0,0.0,1.6,8.4

31/05/2010,18:00:00,nan,0.0,0.0,0.0,1.6,8.4

31/05/2010,18:15:00,nan,0.0,0.0,0.0,1.6,8.4

31/05/2010,18:30:00,nan,0.0,0.0,0.0,1.6,8.4

31/05/2010,18:45:00,nan,0.0,0.0,0.0,1.6,8.4

31/05/2010,19:00:00,nan,0.0,0.0,0.0,1.6,8.4

31/05/2010,19:15:00,nan,0.0,0.0,0.0,1.6,8.4

31/05/2010,19:30:00,nan,0.0,0.0,0.0,1.6,8.4

31/05/2010,19:45:00,nan,0.0,0.0,0.0,1.6,8.4

31/05/2010,20:00:00,nan,0.2,0.2,0.2,1.8,8.6

31/05/2010,20:15:00,nan,0.0,0.2,0.2,1.8,8.6

31/05/2010,20:30:00,nan,0.0,0.2,0.2,1.8,8.6

31/05/2010,20:45:00,nan,0.4,0.6,0.6,2.2,9.0

31/05/2010,21:00:00,nan,0.2,0.6,0.8,2.4,9.2

31/05/2010,21:15:00,nan,0.2,0.8,1.0,2.6,9.4

31/05/2010,21:30:00,nan,0.0,0.8,1.0,2.6,9.4

31/05/2010,21:45:00,nan,0.8,1.2,1.8,3.4,10.2

31/05/2010,22:00:00,nan,0.0,1.0,1.8,3.4,10.2

31/05/2010,22:15:00,nan,0.2,1.0,2.0,3.6,10.4

31/05/2010,22:30:00,nan,0.0,1.0,2.0,3.6,10.4

31/05/2010,22:45:00,nan,4.8,5.0,6.8,8.4,15.2

31/05/2010,23:00:00,nan,10.4,15.4,17.2,18.8,25.6

31/05/2010,23:15:00,nan,0.0,15.2,17.2,18.8,25.6

31/05/2010,23:30:00,nan,0.2,15.4,17.4,19.0,25.8

31/05/2010,23:45:00,nan,0.0,10.6,17.4,19.0,25.8

